:020000040800F2
:1000000000060020E1020008E3020008E302000805
:10001000E3020008E3020008E3020008E30200082C
:10002000E3020008E3020008E30200084D7700083D
:10003000E3020008E3020008E3020008E30200080C
:10004000E3020008E3020008E3020008E3020008FC
:10005000E3020008E30200085986000885860008CC
:10006000B1860008DD8600080987000831460008CF
:100070005946000885460008B1460008DD460008DC
:100080000547000831470008E3020008E3020008C2
:10009000E3020008E3020008E302000835870008D5
:1000A000E3020008E3020008E3020008E30200089C
:1000B000E3020008E3020008E3020008E30200088C
:1000C000E3020008E3020008E3020008E30200087C
:1000D000E3020008E3020008E302000821880008A8
:1000E00099870008E3020008E3020008E302000821
:1000F000E3020008E3020008E30200085D4700088D
:10010000E3020008E30200085D880008E30200083B
:10011000E302000835880008E3020008E302000853
:1001200089470008B1470008DD4700080948000872
:1001300035480008E3020008E3020008E302000873
:10014000E3020008E3020008E3020008E3020008FB
:100150005D48000889480008B5480008E302000827
:10016000E3020008E3020008E3020008E3020008DB
:10017000E302000839830008E3020008E3020008F4
:10018000E3020008E302000849880008E3020008CF
:10019000E3020008E3020008E3020008E3020008AB
:1001A000E3020008E3020008E3020008E30200089B
:1001B000E3020008E3020008E3020008E30200088B
:1001C000E3020008E3020008E3020008E30200087B
:1001D000E302000825830008E3020008E3020008A8
:1001E000E3020008E3020008E3020008E30200085B
:1001F000E3020008E3020008E3020008E30200084B
:10020000E3020008E3020008E3020008E30200083A
:10021000E3020008E3020008E3020008E30200082A
:10022000E3020008E3020008E3020008E30200081A
:100230000D880008E3020008E3020008E30200085A
:10024000E3020008E3020008E3020008E3020008FA
:10025000E3020008E3020008E3020008E3020008EA
:10026000E3020008E3020008E3020008E3020008DA
:10027000E3020008E3020008E3020008E3020008CA
:10028000E3020008E3020008E3020008E3020008BA
:10029000E3020008E3020008E3020008E3020008AA
:1002A000E3020008E3020008E3020008E30200089A
:1002B000E3020008E3020008E3020008E30200088A
:1002C000E3020008E3020008E3020008E30200087A
:1002D000E3020008E3020008E3020008E30200086A
:1002E00002E000F000F8FEE772B6374880F30888B5
:1002F000364880F3098836483649086040F20000E5
:10030000CCF200004EF63471CEF200010860BFF36B
:100310004F8FBFF36F8F40F20000C0F2F0004EF637
:100320008851CEF200010860BFF34F8FBFF36F8F8B
:100330004FF00000E1EE100A4EF63C71CEF20001E3
:100340000860062080F31488BFF36F8F07F060FA0F
:1003500006F0C6FB4FF055301F491B4A91423CBF87
:1003600041F8040BFAE71D49184A91423CBF41F895
:10037000040BFAE71A491B4A1B4B9A423EBF51F83D
:10038000040B42F8040BF8E700201849184A914280
:100390003CBF41F8040BFAE707F078FA06F024FCBA
:1003A000144C154DAC4203DA54F8041B8847F9E7A6
:1003B00000F0C4F9114C124DAC4203DA54F8041B9E
:1003C0008847F9E707F060BA000600200022002005
:1003D0000000000808ED00E00000002000060020FA
:1003E000F89C0008002200206C22002070220020CF
:1003F0002C670020E0020008E0020008E00200088C
:10040000E00200082DE9F04F2DED108AC1F80CD064
:10041000D0F80CD0BDEC108ABDE8F08F002383F338
:1004200011882846A047002006F03CF9FEE706F0B8
:1004300095F800DFFEE7000053B94AB9002908BF6C
:1004400000281CBF4FF0FF314FF0FF3000F074B9AF
:10045000ADF1080C6DE904CE00F006F8DDF804E01B
:10046000DDE9022304B070472DE9F047089D0446FA
:100470008E46002B4DD18A42944669D9B2FA82F257
:1004800052B101FA02F3C2F1200120FA01F10CFA93
:1004900002FC41EA030E94404FEA1C48210CBEFBCB
:1004A000F8F61FFA8CF708FB16E341EA034306FB54
:1004B00007F199420AD91CEB030306F1FF3080F0E3
:1004C0001F81994240F21C81023E63445B1AA4B230
:1004D000B3FBF8F008FB103344EA034400FB07F7D2
:1004E000A7420AD91CEB040400F1FF3380F00A8113
:1004F000A74240F207816444023840EA0640E41B08
:1005000000261DB1D4400023C5E900433146BDE8B3
:10051000F0878B4209D9002D00F0EF800026C5E955
:10052000000130463146BDE8F087B3FA83F6002E6D
:100530004AD18B4202D3824200F2F980841A61EBE5
:10054000030301209E46002DE0D0C5E9004EDDE703
:1005500002B9FFDEB2FA82F2002A40F09280A1EBEB
:100560000C014FEA1C471FFA8CFE0126200CB1FB40
:10057000F7F307FB131140EA01410EFB03F0884239
:1005800008D91CEB010103F1FF3802D2884200F2C6
:10059000CB804346091AA4B2B1FBF7F007FB101158
:1005A00044EA01440EFB00FEA64508D91CEB0404F6
:1005B00000F1FF3102D2A64500F2BB800846A4EB51
:1005C0000E0440EA03409CE7C6F12007B34022FA3C
:1005D00007FC4CEA030C20FA07F401FA06F31C436B
:1005E000F9404FEA1C4900FA06F3B1FBF9F8200C78
:1005F0001FFA8CFE09FB181140EA014108FB0EF0BE
:10060000884202FA06F20BD91CEB010108F1FF3A0D
:1006100080F08880884240F28580A8F10208614419
:10062000091AA4B2B1FBF9F009FB101144EA014127
:1006300000FB0EFE8E4508D91CEB010100F1FF34D2
:100640006CD28E456AD90238614440EA0840A0FB6A
:100650000294A1EB0E01A142C846A64656D353D040
:100660005DB1B3EB080261EB0E0101FA07F722FA64
:1006700006F3F1401F43C5E9007100263146BDE88D
:10068000F087C2F12003D8400CFA02FC21FA03F3F0
:10069000914001434FEA1C471FFA8CFEB3FBF7F071
:1006A00007FB10360B0C43EA064300FB0EF69E4296
:1006B00004FA02F408D91CEB030300F1FF382FD22F
:1006C0009E422DD9023863449B1B89B2B3FBF7F6D7
:1006D00007FB163341EA034106FB0EF38B4208D9B0
:1006E0001CEB010106F1FF3816D28B4214D9023EF1
:1006F0006144C91A46EA004638E72E46284605E70F
:100700000646E3E61846F8E64B45A9D2B9EB0208DF
:1007100064EB0C0E0138A3E74646EAE7204694E76F
:100720004046D1E7D0467BE7023B614432E73046A2
:1007300009E76444023842E7704700BF38B501F06A
:10074000FFF901F0C3FB06F0EBFE054606F0F4FFEF
:100750000446D0B90F4B9D4219D001339D4241F25E
:10076000883504BF01240025002006F0E3FE0CB10B
:1007700000F078F801F048FB00F026FD08B100F029
:1007800071F8284600F01CF9F9E70025ECE705466A
:10079000EAE700BF010007B008B501F09DF9A0F13C
:1007A00020035842584108BD07B541F21203022107
:1007B00001A8ADF8043001F0ADF903B05DF804FB19
:1007C00038B5302383F31188174803680BB106F05E
:1007D0004DF80023154A4FF47A71134806F03CF89F
:1007E000002383F31188124C236813B12368013B63
:1007F0002360636813B16368013B63600D4D2B7820
:1008000033B963687BB9022001F060FA3223636078
:100810002B78032B07D163682BB9022001F056FA1D
:100820004FF47A73636038BD70220020C10700085E
:100830009023002088220020084B187003280CD831
:10084000DFE800F008050208022001F031BA0220BA
:1008500001F01EBA024B00225A6070478822002025
:1008600090230020F8B5504B504A1C4619680131BE
:1008700000F0998004339342F8D162684C4B9A425D
:1008800040F291804B4B9B6803F1006303F500330A
:100890009A4280F08880002001F06CF90220FFF776
:1008A000CBFF454B0021D3F8E820C3F8E810D3F87C
:1008B0001021C3F81011D3F81021D3F8EC20C3F89D
:1008C000EC10D3F81421C3F81411D3F81421D3F881
:1008D000F020C3F8F010D3F81821C3F81811D3F89A
:1008E0001821D3F8802042F00062C3F88020D3F8AA
:1008F000802022F00062C3F88020D3F88020D3F853
:10090000802042F00072C3F88020D3F8802022F0CB
:100910000072C3F88020D3F8803072B64FF0E02325
:10092000C3F8084DD4E90004BFF34F8FBFF36F8FB6
:10093000224AC2F88410BFF34F8F536923F48033E7
:100940005361BFF34F8FD2F8803043F6E076C3F3A4
:10095000C905C3F34E335B0103EA060C29464CEA92
:1009600081770139C2F87472F9D2203B13F1200F5C
:10097000F2D1BFF34F8FBFF36F8FBFF34F8FBFF332
:100980006F8F536923F4003353610023C2F8503250
:10099000BFF34F8FBFF36F8F302383F311888546EA
:1009A00080F308882047F8BD0000020820000208F4
:1009B000FFFF0108002200200044025800ED00E083
:1009C0002DE9F04F93B0B44B2022FF2100900AA8EC
:1009D0009D6801F0C3F9B14A1378A3B90121B04869
:1009E00011700360302383F3118803680BB105F0A5
:1009F0003DFF0023AB4A4FF47A71A94805F02CFF64
:100A0000002383F31188009B13B1A74B009A1A604F
:100A1000A64A1378032B03D000231370A24A536015
:100A20004FF0000A009CD3465646D146012001F003
:100A30003FF924B19C4B1B68002B00F0268200205C
:100A400001F04AF80390039B002BF2DB012001F038
:100A50001FF9039B213B1F2BE8D801A252F823F07A
:100A6000E10A0008090B00089D0B00082D0A000888
:100A70002D0A00082D0A00082F0C0008FF0D0008A1
:100A8000190D00087B0D0008A30D0008C90D000812
:100A90002D0A0008DB0D00082D0A00084D0E000885
:100AA000810B00082D0A0008910E0008ED0A0008CD
:100AB000810B00082D0A00087B0D00082D0A000894
:100AC0002D0A00082D0A00082D0A00082D0A00082A
:100AD0002D0A00082D0A00082D0A00089D0B0008A9
:100AE0000220FFF759FE002840F0F981009B022107
:100AF00005A8BAF1000F08BF1C4641F21233ADF849
:100B0000143001F007F891E74FF47A7000F0E4FF39
:100B1000071EEBDB0220FFF73FFE0028E6D0013F77
:100B2000052F00F2DE81DFE807F0030A0D1013360F
:100B30000523042105A8059300F0ECFF17E004212C
:100B40005548F9E704215A48F6E704215948F3E7E4
:100B50004FF01C08404608F1040801F00DF804218C
:100B6000059005A800F0D6FFB8F12C0FF2D10120B6
:100B70004FF0000900FA07F747EA0B0B5FFA8BFB0F
:100B800001F038F926B10BF00B030B2B08BF002442
:100B9000FFF70AFE4AE704214748CDE7002EA5D01B
:100BA0000BF00B030B2BA1D10220FFF7F5FD07463D
:100BB00000289BD00120002600F0DCFF0220FFF778
:100BC0003BFE1FFA86F8404600F0E4FF0446B0B151
:100BD000039940460136A1F140025142514100F0D3
:100BE000E9FF0028EDD1BA46044641F21213022172
:100BF00005A83E46ADF8143000F08CFF16E72546F8
:100C00000120FFF719FE244B9B68AB4207D9284609
:100C100000F0B2FF013040F067810435F3E70025B2
:100C2000224BBA463E461D701F4B5D60A8E7002E62
:100C30003FF45CAF0BF00B030B2B7FF457AF02209C
:100C4000FFF7FAFD322000F047FFB0F10008FFF691
:100C50004DAF18F003077FF449AF0F4A08EB0503C7
:100C6000926893423FF642AFB8F5807F3FF73EAFC0
:100C7000124BB845019323DD4FF47A7000F02CFF3E
:100C80000390039A002AFFF631AF039A0137019BC4
:100C900003F8012BEDE700BF002200208C23002089
:100CA00070220020C1070008902300208822002025
:100CB00004220020082200200C2200208C22002088
:100CC000C820FFF769FD074600283FF40FAF1F2D2E
:100CD00011D8C5F120020AAB25F003008449424532
:100CE000184428BF4246019201F012F8019AFF21F0
:100CF0007F4801F033F84FEAA803C8F387027C4924
:100D00002846019301F032F8064600283FF46DAF03
:100D1000019B05EB830533E70220FFF73DFD00282B
:100D20003FF4E4AE00F064FF00283FF4DFAE00279C
:100D3000B846704B9B68BB4218D91F2F11D80A9B2D
:100D400001330ED027F0030312AA134453F8203CBA
:100D500005934046042205A9043701F017F980469F
:100D6000E7E7384600F008FF0590F2E7CDF8148079
:100D7000042105A800F0CEFE02E70023642104A8A8
:100D8000049300F0BDFE00287FF4B0AE0220FFF710
:100D900003FD00283FF4AAAE049800F01FFF059061
:100DA000E6E70023642104A8049300F0A9FE0028CC
:100DB0007FF49CAE0220FFF7EFFC00283FF496AED4
:100DC000049800F00DFFEAE70220FFF7E5FC002899
:100DD0003FF48CAE00F01CFFE1E70220FFF7DCFCE3
:100DE00000283FF483AE05A9142000F017FF074642
:100DF0000421049004A800F08DFE3946B9E73220A2
:100E000000F06AFE071EFFF671AEBB077FF46EAE00
:100E1000384A07EB0903926893423FF667AE022017
:100E2000FFF7BAFC00283FF461AE27F003074F44F8
:100E3000B9453FF4A5AE484609F1040900F09CFE0F
:100E40000421059005A800F065FEF1E74FF47A70E3
:100E5000FFF7A2FC00283FF449AE00F0C9FE0028CD
:100E600044D00A9B01330BD008220AA9002000F0CD
:100E70007DFF00283AD02022FF210AA800F06EFF53
:100E8000FFF792FC1C4805F013FC13B0BDE8F08F8F
:100E9000002E3FF42BAE0BF00B030B2B7FF426AE92
:100EA0000023642105A8059300F02AFE07460028C8
:100EB0007FF41CAE0220FFF76FFC804600283FF451
:100EC00015AEFFF771FC41F2883005F0F1FB059893
:100ED00000F0DAFF46463C4600F08CFFA6E50646E9
:100EE0004EE64FF0000901E6BA467EE637467CE65C
:100EF0008C22002000220020A08601007047000004
:100F000070470000704700002DE9F04100F5803780
:100F1000044616463B7C5BB9C0681030204400F0A4
:100F2000F7FEE5683544B5F5004FE56002D816B127
:100F3000BDE8F081DEB905F07F0605F11000002163
:100F4000C6F180062044F6B232462E4400F006FF79
:100F5000A06804F11008324600F10060414600F537
:100F6000003006F07DF830B901233B74E0E74FF420
:100F700000463546ECE7A26805F1100140463244D0
:100F80002144A260E268521BE26000F0C1FE022030
:100F9000BDE8F04100F09ABE183000F0E9BC000056
:100FA00010B5044601F00EF8204610BD10B50446F9
:100FB00001F008F8204610BDC0B2A0F14103052B96
:100FC00002D83738C0B27047A0F16103052B94BF37
:100FD00057383038F6E7000070B504461546084625
:100FE00003220C4900F09EFE014688B908346E1CAD
:100FF00015F91100FFF7E0FF024616F91100013163
:10100000FFF7DAFF102940EA021004F8010BEFD1D4
:1010100070BD00BFB09200082DE9F04FADF53F7DE7
:101020000746416801222AA802F0AEFE002840F0DF
:1010300087800646824681461125DFF80C81DFF85D
:101040000CB101AB4FF4805241462AA802F0FCFFDC
:10105000002875D1019AB2F5805F71D8002A65D059
:101060000446019A9442ECD2282D0FD008DC132DAF
:101070002DD01E2D39D0112D13D00134A4B2F0E79C
:10108000322D2DD0372D2FD02D2DF6D13B68121BB0
:1010900008EB040138461B692D259847BDF804402C
:1010A000EBE7121B022A09D9594608EB040000F0AD
:1010B00039FE18B902342825A4B2DEE718F8043046
:1010C0003A2B3DD00A2B1CBFA1461325D5E718F8B3
:1010D00004300A2B34D03A2B04BFA2463225CCE789
:1010E00018F80430202BC8D0264618F804300A2BF4
:1010F0001AD1AAEB090208EB090102A811254F2A0F
:1011000028BF4F2208F0C0F8A21B08EB060116A862
:101110004F2A28BF4F2208F0B7F83B6816AA02A949
:10112000DB6838469847A8E71E25A6E73B6838469F
:1011300004491B69984701200DF53F7DBDE8F08FFC
:101140000020F9E7B293000898230020B492000829
:1011500000F1180110B5044686B00846019100F070
:10116000F1FB2046FFF758FF60B1019902A800F09B
:1011700049FC102204F1080102A808F045F8B0FA71
:1011800080F0400906B010BD70B504460025EEB2EF
:10119000304600F0FFFC58B100213046013500F028
:1011A00009FD08B9002070BD022000F08FFDEEE7B8
:1011B0002046FFF731FF0028F4D004F58034207C6E
:1011C00080F00100EFE70000F0B5C9B006F0C0F90B
:1011D00000F014FF18B90025284649B0F0BD694653
:1011E0002A4802F0F3FF00284BD1294C204603F097
:1011F0001DF8284803F01AF8274803F017F821468D
:10120000224803F08FF80028E5D1702000F0D4FECA
:10121000064610B1214B44600360336830469B683A
:101220009847054600282ED01A4F1948394603F032
:1012300079F805460028CED1194800F0BDFE0446D5
:1012400038B1184B4760036000F58033C0E90255A0
:101250001D74236820469B689847054628B10E49AF
:101260000C4803F05FF80028B5D1336830465B685E
:1012700098471CB1236820465B68984700F0A6FE9B
:10128000AAE70025FAE70446EFE700BFB892000896
:10129000C8920008DF920008F59200081893000831
:1012A00014000100349300082DE9F04FD44A8DB0AA
:1012B0000B68D0F804A001931A440368D14E1A4475
:1012C000D1F81C90DFF8B4C3DFF8B4B3D0E902342E
:1012D000634003EA0A03634013444A6802920AEB3C
:1012E0007363029CC84A2244C468224484688AEA20
:1012F00004051D40654015448A68039203EB35558B
:10130000039CC24A2244846822448AEA03042C4093
:1013100084EA0A041444CA6805EBF43404921644BF
:1013200083EA0502224056445A4032440E6905962B
:1013300004EBB222059FB64E3E441E4485EA0403E8
:1013400013406B4033444E69069602EB7363069F6D
:10135000B04E3E442E4484EA02051D4065403544AB
:101360008E69079603EB3555079FAB4E3E442644E6
:1013700082EA03042C4054403444A84E4E4405EB0A
:10138000F434164483EA050222405A4032440E6A7D
:10139000089604EBB222089FA14E3E441E4485EA03
:1013A000040313406B4033444E6A099602EB7363A7
:1013B000099F9C4ED1F830E03E44D1F83880F34488
:1013C0002E4484EA02051D40654035448E6AA6F528
:1013D000244703EB35550A964F3F274482EA03041E
:1013E0002C4054403C44CF6A0B9705EBF4340B9EE1
:1013F0008D4F3744029E174483EA050222405A402B
:101400003A448A4F774404EBB2221F4485EA04032E
:1014100013406B403B444F6BBC4402EB7363654429
:1014200084EA020C0CEA030C8CEA040C6544DFF835
:1014300054C2C44403EB3555A44482EA03042C404F
:1014400054406444D1F83CC0794905EBF43461441C
:10145000114483EA050222405A400A44754904EBCC
:10146000B2223144079E194484EA02032B406340B0
:101470000B44714902EBF36331440B9E0D4482EA45
:1014800003012140514029446C4D03EBF151354497
:10149000019E254483EA010414405C402C44684DBD
:1014A00001EBB4443544069E154481EA04021A4017
:1014B0004A402A44634D04EB323235440A9E1D44AF
:1014C00084EA02030B4063402B445F4D02EBF3635D
:1014D0003544059E0D4482EA0301214051402944D0
:1014E0005A4D03EBF1516544254483EA010414404D
:1014F0005C402C44564D01EBB4443544099E1544E0
:1015000081EA04021A404A402A44524D04EB323226
:101510003544049E1D4484EA02030B4063402B447F
:101520004D4D02EBF36345440D4482EA0301214033
:1015300051402944494D03EBF1513544089E2C4458
:1015400083EA010515405D402C44454D01EBB44450
:101550003544039E2A4481EA04051D404D402A4437
:10156000404D04EB32323D442B4484EA020593445F
:101570000D4065402B443C4D02EBF3633544069E21
:10158000294482EA0305254055402944374D03EBA1
:10159000F1514D442C4483EA010515405D4025443A
:1015A00001EBB54581EA050404EA03024A405A44C6
:1015B000A6F5B82B089E05EB3232ABF2BE6B544059
:1015C0005B4423442A4C344402EB33730B9E0C449B
:1015D00085EA020159402144264C344403EB715101
:1015E000029E254482EA03044C402544224C444494
:1015F00001EB3545144483EA01026A40224443E08A
:1016000078A46AD7EECEBDC156B7C7E8DB702024F8
:10161000AF0F7CF52AC68747134630A8019546FDD3
:10162000D8988069AFF7448BBED75C892211906B44
:101630002108B44962251EF640B340C0515A5E26C7
:10164000AAC7B6E95D102FD65314440281E6A1D88B
:10165000C8FBD3E7E6CDE121D60737C3870DD5F424
:10166000ED145A4505E9E3A9F8A3EFFCD9026F6729
:1016700081F6718722619D6D0C38E5FD937198FDAF
:101680008A4C2A8D8E4379A6934C344405EB722202
:10169000059E1C4481EA0503534023448F4C344487
:1016A00002EB33730A9E0C4485EA0201594021443F
:1016B0008B4C4C4403EB7151254482EA03044C40AB
:1016C0002C44884D354401EB3444019E154483EA93
:1016D000010262402A44844D3D4404EB72221D44C1
:1016E00081EA040353402B44804D354402EB3373AD
:1016F000049E294484EA02055D4029447C4D35441A
:1017000003EB7151079E254482EA03044C402C44AC
:10171000784D354401EB3444099E2A4483EA01059F
:1017200065401544744A324404EB7525039E134406
:1017300081EA04026A401A44704B734405EB32722A
:101740000B4484EA0501514019446D4B634402EB9C
:1017500071511C4485EA02034B401C44694B3344DD
:1017600001EB3444019E1D4482EA010363402B4493
:10177000654D04EB73233544069E154463EA01026C
:1017800062402A44614D03EBB2624D4462EA0409AF
:1017900029445F4D89EA0309454449442C445D4D81
:1017A00002EBB1513544049E61EA03081D4488EA06
:1017B0000208444401EB744464EA02034B402B44A6
:1017C000554D04EBF323754463EA010E15448EEA8C
:1017D000040E0EEB0502514D03EBB262354462EA92
:1017E000040E29440A9D8EEA030EA5F580164C4D81
:1017F0007144A6F6833602EBB151264461EA030434
:1018000054403444029E01EB7444354464EA0206B9
:101810001D444E407319089E424D04EBF32335449A
:1018200063EA01061544664072193F4D03EBB2624C
:10183000654462EA040629443C4D5E403144079EFB
:1018400002EBB151354461EA03062C44384D564051
:101850003D443444059E1D4401EB744464EA020394
:101860004B402B44334D04EBF32335440B9E15447E
:1018700063EA010262402A442F4D03EBB262354411
:10188000039E0D4462EA0401594029442B4D02EBAA
:10189000B15135442A4E254461EA030454402C4496
:1018A000099D01EB74442E4464EA02051E4485EA56
:1018B00001039D1903681A440AEB040303EBF523A3
:1018C0000260436083681C44C36819448460C1603B
:1018D0000DB0BDE8F08F00BF44EABEA4A9CFDE4B37
:1018E000604BBBF670BCBFBEC67E9B28FA27A1EA40
:1018F0008530EFD4051D880439D0D4D9E599DBE6CD
:10190000F87CA21F6556ACC4442229F497FF2A43F1
:10191000A72394AB39A093FCC3595B6592CC0C8F81
:10192000D15D84854F7EA86FE0E62CFE144301A3B1
:10193000A111084E827E53F735F23ABDBBD2D72AA9
:1019400091D386EB094B036003F18833436003F1C5
:101950002943A3F59613A3F68B638360A3F1883321
:10196000C3600023C0E90433704700BF012345670B
:101970002DE9F8431446026905460E46E300C2F31A
:10198000C50800F118079B18036122BF43690133A2
:10199000436112F4FC7F436903EB5473436114D039
:1019A000C8F1400907EB08004C4504D22246BDE8C7
:1019B000F84307F039BC403C4A464E4407F034FC3B
:1019C000444439462846FFF76FFCA04606EB04095D
:1019D000B8F13F0FA9EB08010AD94022384607F0B9
:1019E00023FC39462846A8F14008FFF75DFCEFE7E5
:1019F000A1096FF03F02384602FB014206EB81115C
:101A0000D5E7000070B50B6901F1180506460C46D4
:101A1000C3F3C503EA18501C8022EA54C3F13F0205
:101A2000072A1FD8002100F099F929462046FFF720
:101A30003BFC38220021284600F090F92369294612
:101A40002046236563696365FFF72EFC214610225B
:101A5000304607F0E9FB204658220021BDE87040DF
:101A600000F07CB9C3F137020021E5E72DE9F84F1A
:101A70004FF47A7306460D46002402FB03F7DFF8A5
:101A80005080DFF8509098F900305FFA84FA5A1CC1
:101A900001D0A34212D159F824002A4631460368E6
:101AA000D3F820B03B46D847854207D1074B0120E9
:101AB00083F800A0BDE8F88F0124E4E7002CFBD0F8
:101AC0004FF4FA7004F0F4FD0020F3E7DC3300205B
:101AD0001022002014220020002307B50246012115
:101AE0000DF107008DF80730FFF7C0FF20B19DF81A
:101AF000070003B05DF804FB4FF0FF30F9E700008A
:101B00000A46042108B5FFF7B1FF80F00100C0B21A
:101B1000404208BD074B0A4630B41978064B53F8CB
:101B20002140014623682046DD69044BAC4630BCA9
:101B3000604700BFDC33002014220020A086010093
:101B400070B50A4E00240A4D05F02EFA3080286840
:101B50003388834208D905F023FA2B680444013303
:101B6000B4F5003F2B60F2D370BD00BFDE33002020
:101B70009833002005F0F2BA00F1006000F5003063
:101B80000068704700F10060920000F5003005F039
:101B900067BA0000054B1A68054B1B889B1A8342E5
:101BA00002D9104405F0FCB900207047983300209A
:101BB000DE33002038B50446074D29B1286820449B
:101BC000BDE8384005F004BA2868204405F0EEF975
:101BD0000028F3D038BD00BF9833002000207047A4
:101BE00000F1FF5000F58F10D0F80008704700009A
:101BF000064991F8243033B100230822086A81F89D
:101C00002430FFF7BFBF0120704700BF9C33002086
:101C1000014B1868704700BF0010005C194B013879
:101C20000322084470B51D68174BC5F30B042D0C37
:101C30001E88A6420BD15C680A46013C82421346CC
:101C40000FD214F9016F4EB102F8016BF6E7013AB9
:101C500003F10803ECD181420B4602D22C2203F897
:101C6000012B0424094A1688AE4204D1984284BF4D
:101C7000967803F8016B013C02F10402F3D1581A83
:101C800070BD00BF0010005C1C220020749300088F
:101C9000022804D1054B4FF400129A6170470128C5
:101CA000FCD1024B4FF40022F7E700BF00100258AE
:101CB000022803D1044B20229A6170470128FCD1ED
:101CC000014B0822F8E700BF00100258022805D196
:101CD000064A536983F02003536170470128FCD101
:101CE000024A536983F00803F6E700BF0010025868
:101CF00070B504464FF47A764CB1412C254628BF86
:101D0000412506FB05F0641B04F0D2FCF4E770BD2E
:101D1000002310B5934203D0CC5CC4540133F9E7DF
:101D200010BD0000013810B510F9013F3BB191F929
:101D300000409C4203D11AB10131013AF4E71AB1D3
:101D400091F90020981A10BD1046FCE703460246A0
:101D5000D01A12F9011B0029FAD170470244034638
:101D6000934202D003F8011BFAE770472DE9F843CC
:101D70001F4D14460746884695F8242052BBDFF8CD
:101D800070909CB395F824302BB92022FF2148464F
:101D90002F62FFF7E3FF95F824004146C0F10802E7
:101DA00005EB8000A24228BF2246D6B29200FFF780
:101DB000AFFF95F82430A41B17441E449044E4B2AE
:101DC000F6B2082E85F82460DBD1FFF711FF00285A
:101DD000D7D108E02B6A03EB82038342CFD0FFF711
:101DE00007FF0028CBD10020BDE8F8830120FBE7E6
:101DF0009C330020024B1A78024B1A70704700BFC8
:101E0000DC3300201022002038B51A4C1A4D204631
:101E100003F056FF2946204603F07EFF2D684FF45D
:101E20007A70D5F89020D2F8043843F00203C2F853
:101E30000438FFF75DFF1149284604F07BF8D5F818
:101E400090200F4DD2F80438286823F002030D4982
:101E5000A042C2F804384FF4E1330B6001D003F024
:101E60008DFE6868A04204D00649BDE8384003F002
:101E700085BE38BD10490020709B0008789B000883
:101E800014220020C43300200C4B70B50C4D0446C6
:101E90001E780C4B55F826209A420DD00A4B002193
:101EA00018221846FFF75AFF0460014655F826002D
:101EB000BDE8704003F062BE70BD00BFDC3300209F
:101EC0001422002010490020C4330020F8B571B658
:101ED000002301201A46194602F094FD0446802092
:101EE00005F0DCF9002849D00025254A80274FF469
:101EF000D06C3D26136913F0C06F26D1D2F8103193
:101F000013F0C06F21D1236805F100619960236847
:101F1000D86023685F602368C3F800C021680B683D
:101F200043F001030B6021680B6823F01E030B6074
:101F300021680B68DB07FCD4237B8035616806FAD7
:101F400003F3B5F5001F0B60D4D1204602F09AFDD3
:101F5000B5F5001F11D000240A4E0B4D012005F0ED
:101F6000FDF83388A34205D928682044013405F0E0
:101F70002FF8F6E7002005F0F1F861B6F8BD00BFD4
:101F800000200052DE3300209833002030B50A4490
:101F9000084D91420DD011F8013B5840082340F301
:101FA0000004013B2C4013F0FF0384EA5000F6D1FB
:101FB000EFE730BD2083B8ED0121884238BF0846E5
:101FC00005F0A4B908B105F0A5B9704710B5084CE3
:101FD00001220849002001F0B3FE23783BB10648F6
:101FE00003F044FD044803F077FD0023237010BD87
:101FF000E033002084930008C03600201D482DE9FE
:10200000F041036D2BB901224FF48051503005F09F
:10201000E5FA194E33780BB1FFF7D8FF0324174FB9
:102020004FF00008134D15492846C7F8048003F007
:1020300045FD284603F07EFB48B1013C284603F0ED
:102040004BFD14F0FF04EED1204634700FE00C4934
:1020500001220C4801F074FE014618B1284603F035
:1020600005FDEAE7084800F011F801203070BDE8EE
:10207000F08100BFC0360020E03300203422002071
:1020800084930008E4330020889300080FB40020F4
:1020900004B070470068704703460068596870478D
:1020A0000B0A017043700B0C090E8370C1707047EE
:1020B000110A027003714170110C120E8170C2700E
:1020C0001A0A42711A0C1B0E8271C371704700000C
:1020D000C36A0239023B8B4283BF4389006C01FB18
:1020E0000300002070470000C2F307238A76CB76F6
:1020F0000378032B01BF120C0A75120A4A75704748
:1021000000F10B010022D30143EA520310F8012B26
:1021100052FA83F38842DAB2F5D1104670470000D4
:1021200010B5417804460020013102464901022AD7
:1021300016BFA35C032203EBC03302F101021EBFF2
:102140009BB203EB500398B29142F0D810BD00004F
:1021500002684AB1134613F8011B1F290DD93A2909
:10216000F9D1911C8B4202D04FF0FF3070471278AA
:10217000302AF9D1036000207047014B187870476E
:102180003036002038B50D46044618B90920002322
:102190002B6038BD0368002BF8D01A78002AF5D0E0
:1021A0008188DA889142F1D1587804F01DFC10F052
:1021B0000100EBD12368EBE738B50D4640F2523110
:1021C000144602F0B9F9FF2807D9012C0BD9030AEC
:1021D000022468702B70204638BD30B1002CFAD034
:1021E00001242870F7E70024F5E70446F3E7000030
:1021F0002DE9F8430026D0F8008005460C468E767F
:10220000836B002B4AD098F80030042B4BD1334617
:102210003546402720E0B7F5187F80F0C480F906E6
:1022200006F1010608BF0237D05B02372BB900F573
:10223000205292B2B2F5006F0DD305F11A01C5F12B
:10224000FF0240EA03402144FFF7B6FF002800F0F8
:10225000AA80054400200346D8F8102092F82310E5
:10226000B142D8D8002B40F09E80002D00F09B801A
:1022700000232544AB766373D8F81020137903F05C
:102280003701DB0621730BD402F13800FFF704FF9E
:10229000C4E9000193896381D3892381BDE8F88370
:1022A00000200146F4E7C36C01335ED1EA6B0023E2
:1022B0002E26551E184615F8011F013020290CD076
:1022C000052908BFE521092804D10B2B9EBFE7187B
:1022D00001337E73E718013379730B28EBD1E118D2
:1022E00000204873A17E00294BD1002B40D06FF015
:1022F0000C0604F10D000825361B331810F8011BDD
:10230000002938D02E298BB24AD0A3F141011929D6
:1023100003D8117B0D4200D020330373EDE7B9F1F0
:10232000000F05D100F520539BB2B3F5006F0BD31E
:1023300007F11A01C7F1FF0240EA09402144FFF703
:102340003BFF48B10744002002368146D8F80C30E4
:10235000985B0028E3D13846B9F1000F4FF0000236
:1023600018BF002023189A76A0E7B1463746EDE75C
:102370003F23A3760123234400219976137B03B9DD
:102380006373D37A02F11C0003F03F03237300232D
:10239000FFF780FE20606360D38A6381138B7CE744
:1023A00010250B46B9E73F230125A37660E700001F
:1023B00038B50546002435F8020B08B9204638BD6B
:1023C00002F0EEF86308C2B203EBC43312FA83F3EF
:1023D0009AB2C0F3072303EB520303EBC2339CB260
:1023E000E9E7000037B5C37804461BB90025284645
:1023F00003B030BD00F14C01826C012340780191A3
:1024000004F018FB054680B9A36BE070A06C226B4A
:10241000C31A9342EAD2A3780199022BE6D102446F
:102420000123607804F006FBE1E70125DFE7000007
:1024300038B5836C05460C468B4210D0FFF7D2FFAF
:1024400060B92246012305F14C01687804F0CEFA08
:1024500000281CBF4FF0FF340120AC6438BD0020C1
:10246000FCE7000038B500230446C3704FF0FF338B
:102470008364FFF7DDFF00284BD1B4F84A524AF6D7
:1024800055239D4207D10B22254904F14C0006F04B
:10249000BBFE00283FD094F84C30EB2B03D0183310
:1024A000DBB2012B2ED84AF655239D4206D10822D5
:1024B0001C4904F19E0006F0A7FE48B3B4F857305B
:1024C000B3F5007F1ED194F85930DBB15A1E1A4281
:1024D00018D1B4F85A30ABB194F85C30013B012B01
:1024E00010D8B4F85D306BB1B4F85F307F2B06D8EC
:1024F00004F16C00FFF7CEFDB0F5803F02D3B4F8D5
:10250000623053B94AF6552085420CBF02200320A1
:1025100038BD0420FCE70120FAE70020F8E700BFFF
:10252000B4930008C093000802392DE9F04701F088
:1025300007044FF0010A466C05460AFA04F41746F0
:10254000984606EB1136C1F3C809E4B23146284675
:102550000136FFF76DFF18B10120BDE8F0879946FD
:1025600005EB090292F84C30234214BF01210021EF
:10257000414513D06340013F82F84C3085F803A0F9
:10258000EBD0640014F0FF04EAD109F10103012447
:102590004FF00009B3F5007FE1D1D7E70220DCE777
:1025A00001290246F8B50C4640F28C800668F36AB1
:1025B0008B4240F287803378013B032B00F282800C
:1025C000DFE803F00229384B04EB5405B16B3046C9
:1025D00001EB5521FFF72CFF10B14FF0FF30F8BD94
:1025E0006F1CC5F30805B16B3046354401EB57212C
:1025F00095F84C50FFF71CFF0028EED1C7F30807F1
:10260000E3073E4496F84C0045EA00204CBF000921
:10261000C0F30B00E3E7B16B304601EB1421FFF789
:1026200007FF0028D9D1640004F4FF742644B6F8EB
:102630004C00D4E7B16B304601EBD411FFF7F8FE44
:102640000028CAD1A40006F14C0004F4FE74204412
:10265000FFF720FD20F07040C1E7D0E90430D579C4
:1026600053EA000101D0916801B95DBB9168022D68
:10267000A4EB01010DD1013B728940F1FF305B0AEF
:1026800043EAC053B3FBF2F399421BD81CD0601C41
:10269000A5E7032D02D193698B42F8D8D3699BB982
:1026A000B16B304601EBD411FFF7C2FE002894D184
:1026B000A0004C3600F4FE703044FFF7EBFC20F035
:1026C00000408CE701208AE76FF0004087E70000B8
:1026D000F8B5066804460D463378042B0CBF4FF05E
:1026E00080524FF400128A4201D80220F8BDCA0677
:1026F000FBD182680163D2B9022B13D83389B3EBC3
:10270000551FF2D9F36BA363A36B6263002BECD06C
:1027100003EB55234C36C5F308050020A36335446D
:10272000E563E3E7F36BC271002BE7D01A467789C4
:102730007F02BD42114604D23046FFF7C9FCA063B8
:10274000E2E72046FFF72CFF431C024606D0012893
:10275000CBD9F36A8342C8D9ED1BEAE70120C5E76C
:1027600001292DE9F04706460C46174608D9C36AE9
:102770008B4205D90378022B62D003D8012B22D0DB
:10278000022552E0033B012BFAD8816B01EBD411F7
:10279000FFF74EFE0546002847D1A40006F14C0382
:1027A00004F4FE741C443378042B07D0204627F031
:1027B0007047FFF76FFC00F0704007433946204632
:1027C000FFF76EFC2FE001EB5108816B01EB582104
:1027D000FFF72EFE054640BB14F0010406F14C093C
:1027E00008F1010AC8F3080808BFFBB230461FBF52
:1027F00019F8083003F00F023B0103F0F00318BF93
:10280000134309F808300123B16BF37001EB5A212F
:10281000FFF70EFE054640B9CAF3080A44B1C7F3F4
:10282000071709F80A700123F3702846BDE8F087FE
:1028300019F80A30C7F3032723F00F031F43F0E70B
:10284000816B01EB1421FFF7F3FD05460028ECD165
:10285000640006F14C0304F4FF741F551919C7F303
:1028600007274F70DFE70000F8B504460E4617460D
:10287000E3690BB91846F8BD012BA6EB03052068E8
:1028800014BFAA1C3A46691CFFF76AFF0028F2D160
:10289000E369013BE361EBE701292DE9F8430646D3
:1028A0000C461746056802D80220BDE8F883EB6A9B
:1028B0008B42F9D97AB9A14621463046A046FFF7A6
:1028C0006FFE0446B0B92B78042B02D1002F43D100
:1028D000F7710020E9E72B78042B02D1C379022B92
:1028E000E9D04FF0FF3239462846FFF739FF00287C
:1028F000E1D0DAE70128D7D0421C01D10120D4E78A
:102900002B78042B19D1EA6AAB69023A93421CD3A3
:1029100008F10102A2420CD02B78042B08D100232D
:10292000A2EB090249462846FFF7FEFD0028BCD16C
:10293000A146EB6AA342BFD8C5E70022414628461C
:10294000FFF70EFF0028DED0AFE70133AB612B7934
:1029500043F001032B71DBE7F3798BB9B468BC4218
:1029600002D10223F371B4E721463046FFF718FE87
:10297000012899D9431CC1D001348442EFD0A8E783
:10298000032BA6D1B368BB42A3D8B2691344BB42A0
:102990009FD3E6E770B5C3790446032B06D181685F
:1029A0008369CD18A94203D10023E371002070BDD3
:1029B0004E1C20683246FFF7D3FE0028F7D131467F
:1029C000F0E700002DE9F74305460191FFF70AFD06
:1029D0000446002849D105F14C09019928464FF4D5
:1029E0000072FFF775FB2146A86407464846FFF7CB
:1029F000B5F96C896402B4F5004F28BF4FF4004468
:102A0000B4F5007F2FD9204604F088FC804630B111
:102A100022460021640A0026FFF7A0F909E06408B5
:102A2000EEE72346BA194146687804F003F818B96E
:102A300026446B899E42F4D3404604F07FFC6889AB
:102A4000801B18BF012003B0BDE8F08301366B89FD
:102A50009E42F4D20123BA194946687803F0EAFF8E
:102A60000028F3D0EBE70026F1E70120EBE70000B8
:102A7000F8B50446FFF7B6FC0546002842D1237896
:102A8000032B37D12779012F34D104F14C060146AD
:102A90004FF400723046FFF761F95523412272214D
:102AA00084F84A32AA2304F50D7084F84F2084F884
:102AB0004B32522384F8301284F84C3084F84D3075
:102AC000612384F8311284F84E3084F83332A169DE
:102AD00084F83222FFF7E4FA616904F50E70FFF71B
:102AE000DFFA626B3B46314601326078A26403F044
:102AF000A1FF257100226078114603F0BFFF003866
:102B000018BF0120F8BD000000232DE9F0430B6041
:102B100085B00F461546FFF71BFB061EC0F2B281BB
:102B2000804B53F82640002C00F0AE813C6005F04D
:102B3000FE0523786BB1607803F056FFC70708D411
:102B40001DB110F0040500D00A25284605B0BDE8E7
:102B5000F0830023F0B22370607003F031FFC107EF
:102B600000F194810DB14207EED400212046FFF719
:102B700079FC022840F099806E4604F2122304F298
:102B80005221324618461033FFF784FA42F8040BFC
:102B90008B42F7D1002556F8041B00297DD0204632
:102BA000FFF760FC012879D80128A26C40F0C080B2
:102BB00004F1570304F18C0113F8015B002D7BD164
:102BC0008B42F9D1B4F8B430B3F5807F74D194F866
:102BD000B830092B70D104F19400FFF75DFA4FF083
:102BE000FF33171841F10001BB4275EB010363D3BA
:102BF00004F1A000FFF74EFA94F8BA302063012BDD
:102C0000A37059D194F8B99003FA09F91FFA89F31E
:102C10006381002B50D0444B04F1A800FFF73AFA2F
:102C20000646984248D8831C626304F1A400E3621C
:102C3000FFF730FA00EB020804F19C00C4F8408072
:102C4000FFF728FA10441FFA89F2A06306FB02F38B
:102C500013EB080345EB05029F4271EB02032BD3F4
:102C60002E4604F1AC00FFF715FAE06365B96389FD
:102C7000B34221D9E16B2046FFF72AFA8119204699
:102C8000FFF7D6FB98B90136631993F84C30812BC6
:102C900014D02035C5F30805E8E703200135042DDD
:102CA0007FF479AF042807D101E0042801D1012580
:102CB0004BE701287FF678AF0D2546E705F11400B4
:102CC00004F14C063044FFF7E5F901280546F3D935
:102CD000E36A8342F0D96189821E236C02FB0133CF
:102CE0006364A16B204601EBD511FFF7A1FB00281F
:102CF000DDD105F07F0006EB8000FFF7CBF9431C28
:102D000003D00135A842ECD0D6E70425C4E905007C
:102D1000064A257000251388E56101339BB21380B4
:102D2000E38012E734360020FDFFFF7F38360020B5
:102D3000B4F85730B3F5007FBED1B4F8626026B95D
:102D400004F17000FFF7A6F9064694F85C3026639C
:102D5000591EA3700129AFD894F859506581002DF0
:102D6000AAD0691E2942A7D1B4F85D8018F00F0FD0
:102D7000A4F80880A0D1B4F85F0018B904F16C0081
:102D8000FFF788F9B4F85A10002995D006FB03FE26
:102D900001EB181CF44460458ED3A0EB0C00A84254
:102DA000B0FBF5F388D33E48834285D84FF6F570E3
:102DB00083426DD903259F1C114402EB0C03032DA4
:102DC000E7626263A16323644CD1B4F8763053EABE
:102DD00008037FF471AFBB0004F17800FFF75AF9E4
:102DE000E06303F2FF13B6EB532FFFF465AF4FF030
:102DF000FF33032DC4E905334FF08003237187D1DE
:102E0000B4F87C30012B83D1511C2046FFF710FB16
:102E100000287FF47DAFB4F84A224AF6552320718A
:102E20009A427FF475AF1F4B04F14C00FFF732F963
:102E300098427FF46DAF03F1FF5304F50C70FFF778
:102E400029F903F50053203398427FF461AF04F56C
:102E50000D70FFF71FF9A06104F50E70FFF71AF966
:102E6000606155E7B8F1000F3FF426AF7144022DC1
:102E70004FEA4703E1631EBFD91907F0010303EBD3
:102E80005103AEE70B2560E60C255EE603255CE604
:102E900040F6F575AB428CBF022501258BE700BFDC
:102EA000F5FFFF0F525261412DE9F84F07460568C3
:102EB000884649B96E69C6B1EB6AB34298BF01262C
:102EC000AB69A3B9002405E0FFF76AFB01280446BB
:102ED00003D801242046BDE8F88F421C00F0D280C0
:102EE000EB6A8342F6D84646EAE70126E8E72A7805
:102EF000EB6A042A40F08380A6F1020A023B4FF0FD
:102F0000010B9A4528BF4FF0000AD146696C28464C
:102F100001EB1931FFF78CFA00283BD109F00703C8
:102F2000EA6AC9F3C8010BFA03F3901EDBB26A1810
:102F30004C4609F1010992F84C20814502EA03024E
:102F400033BF5B0000234FF40071DBB228BF99460A
:102F5000B2B90234631E0333BCD80123214628468C
:102F60001A46FFF7E1FA0228B3D0012800F08A8060
:102F7000B8F1000F13D10223FB710028A9D130E072
:102F8000CA450AD0002BD2D10131B1F5007FBDD2A4
:102F90000123CCE74FF0FF34DCE70024DAE7FB79CC
:102FA000022B07D1731CA342E7D0BB68F31ABB61A5
:102FB0000323FB7108F10102FB69A24205D113B1A1
:102FC0000133FB61D9E70223FBE70BB90123FB6166
:102FD000224641463846FFF747FC00284FD10123DF
:102FE000FB61EA6AAB69023A6C6193429CBF03F1F0
:102FF000FF33AB612B7943F001032B716AE7464540
:1030000014D1741C3846A34298BF02242146FFF70E
:10301000C7FA01283FF45DAF431C33D0E0B16B69C0
:10302000012B03D9EA6A934238BF1E463446013465
:10303000EB6AA34203D8012E7FF644AF0224214657
:103040003846FFF7ADFA48B101283FF442AF0130EE
:1030500018D0B442EBD135E7002CE7D04FF0FF3267
:1030600021462846FFF77CFB48B9B8F1000FB8D0DD
:10307000224641462846FFF773FB0028B1D00128BD
:103080007FF427AF4FF0FF3424E700002DE9F84329
:1030900006680446076B894633782037042B0CBF3B
:1030A0004FF080534FF40013BB429CBF0023836357
:1030B000836B73B1C7F30808B8F1000F3CD101333B
:1030C000416B836339B93389B3EB571F34D800237D
:1030D000A36304200AE07389013B13EA57232BD131
:1030E000FFF75EFA0128054602D80220BDE8F88302
:1030F000421C01D10120F9E7F36A834216D8B9F1E5
:10310000000FE4D0616B2046FFF7CEFE0546C8B144
:103110000128EAD0431CEDD001463046FFF752FCAF
:103120000028E7D1E37943F00403E37129463046F0
:103130006563FEF7CDFFA0634C360020276346444D
:10314000E663D3E70720D1E7F8B50E460021044631
:103150000768FFF7BDFA98B90546A16B3846FFF737
:1031600067F968B93A78E36B042A1B780CD11B061F
:103170000ED5054601212046FFF788FF0028ECD038
:10318000042808BF072006E0E52B01D0002BF0D172
:103190000135B542EED1F8BDC16C4B1C2DE9F041B3
:1031A00004460568066B1FD1E5274FF00108A16BA7
:1031B0002846FFF73DF998B92A78E36B042A09BF3E
:1031C0001A781F7002F07F021A7085F80380236B53
:1031D000B3420DD200212046FFF758FF0028E6D069
:1031E000042808BF022003E0FFF772FA0028DBD0B2
:1031F000BDE8F0812DE9F04105460068A96B06693C
:10320000FFF716F9044620B9EB6B1A78852A03D02C
:1032100002242046BDE8F081324603F1200153F834
:10322000040B8B4242F8040BF9D1777801377F0108
:10323000A7F16003B3F5007FEAD800212846FFF725
:1032400025FF04280446E3D00028E2D1A96B2868B2
:10325000FFF7EEF804460028DBD1EB6B1A78C02AA2
:10326000D6D106F1200203F1200153F8040B8B4262
:1032700042F8040BF9D196F823300F222C33B3FB1C
:10328000F2F3B7EB431FC3D34FF0400800212846A9
:10329000FFF7FCFE04280446BAD00028B9D1A96B78
:1032A0002868FFF7C5F804460028B2D1EB6B1A78FE
:1032B000C12AADD1B8F5187F09D206EB080203F197
:1032C000200153F8040B8B4242F8040BF9D108F1AA
:1032D00020084745DAD8B8F5187F9AD83046FEF767
:1032E0001FFF7388834294D092E700000B6800228E
:1032F00010B5036004460B6A83604B6AC261C371F8
:1033000023F0FF03896AC0E90432C164FFF7E0F9E2
:1033100020B92046BDE81040FFF76CBF10BD00008B
:10332000F8B50368054601271C692046FEF7F8FE3C
:10333000A070000A6678E0702846E96CFFF7C8F9CB
:1033400020B1022828BF0220C0B2F8BDA96B2868AE
:10335000FFF76EF80028F4D1EB6B04F1200254F86B
:10336000041B944243F8041BF9D12B68DF70002E34
:10337000E7D000212846013EFFF788FEE0E7000085
:103380002DE9F8434FF0FF08064607680424454638
:103390004FF6FF79B16B11B9002C73D063E038465A
:1033A000FFF746F8044600285DD1F06B0378002B48
:1033B0006ED03A78042A11D1852B4DD1336B30462B
:1033C000F364FFF717FF044600284CD13B691B79D3
:1033D00003F03F03B3712046BDE8F883C27AE52BC2
:1033E00002F03F02B27143D02E2B41D022F02001D7
:1033F00008293DD00F2A40D1590637D503F0BF0523
:10340000336B90F80D80F364437B434530D1428B9E
:1034100072BB03780D21FC6823F04003DFF874E0F1
:10342000013B4B4301211EF801CB30F80CC009B31E
:10343000FF2B1DD824F813C06146013301320D2A39
:10344000F1D10278520605D521B1FF2B10D8002208
:1034500024F81320013DEDB200213046FFF716FE9F
:103460000446002896D00023B363B4E7AB42CBD028
:10347000FF25F1E7CC45E1D0FAE72DB9FEF740FE94
:10348000404501D10024A6E74FF0FF33F364A2E7E3
:103490000424E8E75C9400082DE9F04F002187B090
:1034A0000446D0F80090FFF713F9804670B999F8F8
:1034B0000030042B33D1D9F80C00FEF779FF074612
:1034C0002046FFF75DFF054620B18046404607B025
:1034D000BDE8F08FD9F810309A8CBA42F0D193F849
:1034E00023B040265D4506D1D9F80C3033F81530AD
:1034F000002BE5D1EAE7F106D9F8103008BF023613
:10350000985B01F04DF8D9F80C30824633F815007D
:1035100001F046F88245D3D102360135E2E74FF09B
:10352000FF0A4FF0FF3B5546C4F84CB0A16B48462C
:10353000FEF77EFF00285CD1E66B3778002F77D04E
:10354000F27AE52F02F03F03A37103D0120704D5EE
:103550000F2B04D0C4F84CB04FE00F2B54D194F88B
:103560004B3058063FD4790645D5236B07F0BF078B
:1035700096F80DA0E364737B53453ED1738B002B0B
:103580003BD135780121D9F80C3005F03F05019386
:103590000D23013D5D43284B13F8012BB25A71B343
:1035A000FF2D059329D81046049200F0F9FF6B1CFB
:1035B00003900293019B33F8150000F0F1FF03998B
:1035C00081421AD1049A029D1146059B1B4A9342DF
:1035D000E2D133785A0604D519B1019B33F815307E
:1035E0005BB97D1EEDB200212046FFF74FFD00289C
:1035F0009CD080466AE7BD42BDD0FF25F3E74FF679
:10360000FF708242E2D0F8E72DB93046FEF778FD30
:1036100050453FF45BAF94F84B30DB079AD40B2254
:1036200004F14001304605F0EFFD002892D14DE74E
:103630004FF004084AE700BF5C9400086994000852
:103640002DE9F04F90F84BB099B004461BF0A0055F
:1036500040F068810668F26832F81530002B4AD1D4
:103660003378042B40F087800F230E352046B5FBBE
:10367000F3F5A91CFFF768FD8146002877D1236B7D
:103680000135A3EB4515E3795A07E56435D523F0F9
:1036900004032046E371FFF77DF950BB4FF0FF3282
:1036A000616B2046FFF7E0F818BBA3682BB32146F7
:1036B00004A8FFF71BFEE0B970894FF40071D4E94C
:1036C0000423E0FB01233069C4E904233830FEF70A
:1036D000EFFC3069D4E904232830FEF7E9FCE379F4
:1036E000326904A843F0010382F82130FFF718FE85
:1036F00018B181463BE00135AEE7D6E903544022DC
:1037000000212046FEF72AFB852301214022237059
:10371000C0234FF0C10C04EB010884F820300023D3
:103720001E469E46571C04F802C0F0B2023204F84E
:1037300007E021B135F8131009B10133DBB20F0AEC
:10374000A15408F802700232D706F2D135F813708E
:103750000136002FE6D184F82330831C284663709D
:10376000FEF726FE84F82400000A84F82500484667
:1037700019B0BDE8F08F04F140070DF1100A1BF0FD
:10378000010F97E807008AE8070000F0D380402384
:103790004FF0010884F84B30BC46F368B8F1050FD0
:1037A0009AE80700ACE803002CF8022B4FEA12421B
:1037B0008CF8002059D9981E424630F8021F002983
:1037C00042D10DF10F0C072102F00F0E91461209A4
:1037D0000EF13000392888BF0EF1370001390CF89E
:1037E000010902D0B9F10F0FEED818AB7E205A189C
:1037F00002F8580C38460022914206D010F801CB4E
:1038000002F1010EBCF1200F31D104F13F0C072968
:1038100002F1010297BF18AB20205818013198BF60
:1038200010F8580C072A0CF80200F0D92046FFF7D0
:1038300033FE8146002878D108F10108B8F1640F01
:10384000AAD14FF0070992E74FF0100C01F0010EDA
:1038500049080EEB4202D30344BF82F4883282F05F
:103860002102BCF1010CF1D1A7E74246A9E772465B
:10387000C2E7216B2046A1EB4511FEF729FF8146E7
:1038800000287FF474AF4FF6FF783846FEF738FC17
:103890000190A16B3046FEF7CBFD814600287FF4F6
:1038A00066AFE36BE9B2019A4FF00D0CD6F80CE06D
:1038B0005A734FF00F02DFF8E0A0DA724A1E187355
:1038C0000CFB02F284469876D87640451AF8019BA4
:1038D0000CF1010C18BF3EF8120003EB090B18BFE6
:1038E000013203F809004FEA1029002808BF4046BA
:1038F000BCF10D0F8BF80190E7D1404502D03EF8A6
:1039000012200AB941F0400119700123002120461C
:10391000F370FFF7BBFB814600287FF428AF013D21
:10392000B7D11BE04FF0060921E704287FF41FAF51
:1039300084F84BB01BF0020F20461BBF0C350D2145
:103940000125B5FBF1F518BF01352946FFF7FCFB52
:10395000814600287FF40BAF013D8AD1A16B304630
:10396000FEF766FD814600287FF401AF0146202264
:10397000E06BFEF7F3F9E36B03CF18605960BA7898
:1039800039889A72198194F84B30E26B03F018036E
:1039900013730123F370EAE65C94000810B5044643
:1039A0000A463430FEF776FB886004F13800FEF7F3
:1039B00073FBC2E9040194F8213003F00203D371D0
:1039C0000023D36110BD000003284B8B04BF8A8AFB
:1039D00043EA0243184670472DE9F04F0B7899B03F
:1039E000044689462F2BD0F800B001D05C2B09D1BA
:1039F0004A461378914601322F2BFAD05C2BF8D02F
:103A0000002301E0DBF81C30A3600023E3619BF896
:103A10000030042B1ED1A368E3B1DBF8203021462F
:103A200004A82362DBF824306362DBF82830A36249
:103A3000FFF75CFC0346002854D1DBF8102002F1AC
:103A40003800FEF727FBC4E9040392F8213003F0A5
:103A50000203E37199F800301F2B00F235818023B7
:103A60000021204684F84B3019B0BDE8F04FFEF736
:103A70002FBE49460B78894601312F2BFAD05C2B9B
:103A8000F8D01F2B8CBF00250425012F2FD11388C0
:103A90002E2B31D1002322F8173004F140029F422F
:103AA0008CBF2E21202101330B2B02F8011BF6D1F4
:103AB00045F02005204684F84B50FFF7EDFC94F8C4
:103AC0004B30002800F0E78004280BD1990603F062
:103AD000040240F1DC80002A00F0F6808023002000
:103AE00084F84B3019B0BDE8F08F0425CDE7022FE4
:103AF00002D153882E2BCAD0911E87BB002322F8F7
:103B00001730002F00F0118132F8130019460133ED
:103B10002028F9D009B92E2801D145F00305901EBF
:103B200030F817302E2B01D0013FF9D14FF0203360
:103B30004FF0000A6364D0462364C4F8473008237A
:103B4000481C32F811600090F6B1202E03D02E2EC2
:103B50000DD1B84210D045F003050099F0E731F8D7
:103B60001730202B01D02E2BC8D1013FC5E79A4535
:103B700005D20099B9423BD10B2B30D101E00B2B80
:103B800027D145F003050B2394F84020E52A04BF14
:103B9000052284F84020082B04BF4FEA88085FFA0A
:103BA00088F808F00C030C2B03D008F00303032B58
:103BB00001D145F00205A8073FF57CAF18F0010FD1
:103BC00018BF45F0100518F0040F18BF45F00805A0
:103BD00070E70099B94202D045F00305D4D84FEA06
:103BE00088080B234FF0080A00975FFA88F8B4E7BB
:103BF0007F2E15D9304640F25231CDE9022345F0EF
:103C00000203019300F098FC10F0800F0646DDE9F6
:103C1000022316D000F07F0646498E5D019D46B313
:103C200031464548CDE9012305F018FBDDE90123C4
:103C3000F8B9A6F1410189B219291ED848F0020845
:103C400010E0FF28EAD9591E8A4503D345F0030541
:103C50009A4682E704EB0A01000A0AF1010A019D73
:103C600081F8400004EB0A010AF1010A81F8406082
:103C700073E745F003055F26F4E7A6F1610189B219
:103C800019299EBF203E48F00108B6B2EAE7002A93
:103C900008BF052026E75A073FF524AFA379DB06C6
:103CA00045D59BF80000042835D1A3682146E27968
:103CB00023622369DBF8100023F0FF0313436362E0
:103CC000E36CA362FFF76AFE23680027DA6819F83D
:103CD000010B00283FF409AF40F25231009200F08E
:103CE0004BFC054608B31F28009A7FF6FEAE2F282E
:103CF0003FF4BFAE5C283FF4BCAE7F2805D8014638
:103D00000E4805F0ABFA009A78B9FF2F0DD022F8D3
:103D100017500137DBE7216B0BF14C03C1F30801AE
:103D20001944FFF751FEA060CEE70620DAE6052031
:103D3000D8E600BFDC930008D5930008CC930008B8
:103D40001FB5CDE9001003A814460391FEF700FA51
:103D5000002815DB0B4A52F820300BB100211970F6
:103D6000019B0BB10021197042F820302CB10022C8
:103D700001A96846FEF7C8FE0446204604B010BDFF
:103D80000B24FAE7343600202DE9F04798B090462E
:103D900005460191002800F0528102F03F0603A978
:103DA00001A83246FEF7B0FE002840F04681039B92
:103DB0004FF48C60049303F0B1FA0746002800F03A
:103DC0004081039B00F500720199D86004A81A6134
:103DD000FFF702FE044620B99DF95B30002BB8BF07
:103DE000062418F01C0F00F0CD80002C4CD0042CC1
:103DF00040D104A8FFF724FC044600283AD146F03D
:103E00000806039B1A78042A40F083801869294623
:103E10002B60FFF7C3FD039B1E22002118690230AF
:103E2000FDF79CFF039C00211A2220692630FDF734
:103E300095FF236920221A71246903F0A9FA01462B
:103E4000012208342046FEF72BF9039B04A81B69C6
:103E500083F82120FFF764FA044658B9A96801B332
:103E600002462846FEF718FDAB68039A0446013B5C
:103E70005361B4B1384603F061FA0CB100232B60F2
:103E8000204618B0BDE8F0879DF8163013F0110FEA
:103E900040F0848018F0040F40F0C98018F0080F3B
:103EA000AFD1039A31071399936C48BF46F040068F
:103EB000E964AB641078042872D1069B9DF8171052
:103EC0002B62089B106923F0FF030B4329466B62AA
:103ED000179BAB62FFF762FDDDF80CA00024002207
:103EE00005F15008BAF8063021464046C5F800A052
:103EF000AB80002385F8306085F831406C64C5E9FB
:103F00000E234FF40072FDF729FFB20653D40024AC
:103F1000B0E703F03DFA0146009013980E30FEF72B
:103F2000BFF8139800991630FEF7BAF8039C13995E
:103F30002078FFF749FD202300228046CB722046DF
:103F40001399FEF7D1F8139B002201211A775A77B3
:103F50009A77DA77039BD970B8F1000FA1D0414668
:103F600004A8D3F84890FEF797FC0446002881D1B6
:103F700049460398FEF75CFA039B044608F1FF30BC
:103F8000586176E7002C7FF475AF9DF81630DC069B
:103F90004FD418F0020F84D0D80782D5072469E7E0
:103FA000FFF712FD0023A86001F11C00FEF772F874
:103FB0006B61286190E7D5E9046956EA0903A6D048
:103FC000BAF80AA0A9684FEA4A2AC5E90E69B245BB
:103FD00074EB09031BD300242964002C7FF44AAF3F
:103FE000C6F30803002B92D0039C2046FEF770F81E
:103FF00008B3760A0123414646EAC95682196A6423
:10400000607802F0F3FC041E18BF012432E7284652
:10401000FEF7C6FAB6EB0A06014669F10009012867
:1040200003D9431CD3D10124D6E70224D4E70824C2
:1040300020E704241EE702241CE704461EE70924A7
:104040001EE711241CE700002DE9F04F994685B0CA
:104050000023884603A90446C9F800301646FEF737
:1040600091F8054680BB94F831506DBB94F8303020
:1040700013F00103009300F0A68004F1500AD4E984
:104080000432D4E90E011B1A62EB0102B34272F151
:10409000000238BF1E46BEB1D4E90E10C1F30803BA
:1040A000002B40F08280039B5A894B0A013A43EA75
:1040B000C0531A401BD151EA000309D1A06801285E
:1040C0000DD8022584F83150284605B0BDE8F08FA0
:1040D000216C20460192FEF763FA019AEFE7431C38
:1040E00004D10123009D84F83130EDE72064DDF830
:1040F0000CB0216C5846FDF7EBFF0028E1D0B6F577
:10410000007F02EB000731D3BBF80A1002EB562008
:10411000730A88429BF8010088BF8B1A3A464146D1
:10412000019302F063FC0028DBD194F93020019B5D
:10413000002A0BDA606CC01B984207D24FF4007261
:10414000514608EB4020FDF7E3FD019B5F02D9F8E3
:104150000030F61BB8443B44C9F80030D4E90E32B5
:10416000DB1942F10002C4E90E3294E7626CBA42F4
:104170001AD094F93030002B0DDA012351469BF808
:10418000010002F057FC0028ABD194F8303003F066
:104190007F0384F83030039801233A465146407833
:1041A00002F024FC00289CD16764A16B4046C1F357
:1041B0000801C1F500775144B74228BF37463A4657
:1041C000FDF7A6FDC3E707257EE7000070B596B0B2
:1041D0000E460022019002A901A8FEF795FC0446B4
:1041E000E0B94FF48C6003F099F80546D8B1029B12
:1041F00000F500720199D86002A81A61FFF7ECFB84
:10420000044640B99DF95330002B0ADB1EB13146FC
:1042100002A8FDF7EDFF284603F090F8204616B0FF
:1042200070BD0624F7E71124F8E7000070B5B8B0B8
:104230000222019003A901A8FEF766FC044608BB10
:10424000039B4FF48C60109303F068F80546002838
:1042500066D0039B00F500720199D86010A81A611E
:10426000FFF7BAFB044650B99DF88B30980655D439
:10427000190653D49DF84630DA0706D50724284698
:1042800003F05CF8204638B070BD039B04931878A7
:10429000042814D104A91869FFF780FB069E9DF835
:1042A0004630DB0610D410A8FEF776FF044600283F
:1042B000E5D156BB0398FEF7DBFB0446DFE71F9909
:1042C000FFF782FB0646EAE7039BDA69B242D5D0E4
:1042D00024930021269624A81B78042B01BFDDE936
:1042E0000823CDE928239DF817308DF89730FEF785
:1042F000EFF904460028C2D124A8FFF741F804468C
:104300000028BBD00428BAD1CDE70246314604A824
:10431000FEF7C2FA04460028B1D1CBE70624AEE787
:104320001124AFE7F0B5BDB0CDE900106846FDF748
:104330000FFF022203A901A8FEF7E6FB04460028AE
:1043400041D1039B4FF48C60149302F0E7FF0546C4
:10435000002800F0EE80039B00F5007214AE019976
:10436000D8601A613046FFF737FB044640BB9DF822
:104370009B3013F0A00F40F0D880039B009F1A7869
:10438000042A68D11B6904AC03F1400C1868083397
:1043900053F8041C2246634503C21446F6D150224A
:1043A000314628A8FDF7B4FC394628A8FFF714FBCE
:1043B000044600284CD12A9A169B9A4206D008241B
:1043C000284602F0BBFF20463DB0F0BD349A209B4A
:1043D0009A42F4D128A8FFF733F904460028EFD118
:1043E000039B04AF1B6993F801E093F823C09C8CF6
:1043F0003A46083303CAB24243F8080C43F8041C97
:104400001746F5D1039B28A81B6983F801E0039B9D
:104410001A6982F823C01A6982F82440240A82F8B3
:1044200025401A691379D9065CBF43F02003137144
:10443000FEF776FF04460028C2D13046FEF7ACFEF8
:1044400004460028BCD10398FEF712FB0446B7E7E8
:104450000428B5D1BEE7239A04AB02F1200C106802
:10446000083252F8041C1C46624503C42346F6D1A8
:104470005022314628A8FDF74BFC394628A8FFF703
:10448000ABFA044600284CD12A9A169B9A4296D140
:10449000349A209B9A4292D128A8FFF7D1F804467B
:1044A00000288DD137990DF11D030DF12D0001F17B
:1044B0000D0253F8044B834242F8044BF9D118889B
:1044C000012710809B7893709DF81B30039CDA06BF
:1044D00058BF43F02003CB72E770CB7ADB06ACD534
:1044E000169A2A9B9A42A8D02078FFF76DFA0146C7
:1044F0002046FDF7EDFD0146C8B12046FDF798FFC7
:10450000044600287FF45CAF039890F86D302E2BA2
:1045100093D12A9A00F16C01FDF7E6FD039BDF7051
:104520008BE704287FF44CAFB6E7062448E7022463
:1045300046E7112447E700007F2810B501D880B274
:1045400010BDB0F5803F13D240F2523399420FD1E3
:104550000849002231F8024B93B2844203D103F19F
:104560008000C0B2ECE70132802AF3D11346F6E7AF
:104570000020E5E71C9700087F280DD940F2523350
:10458000994208D1FF2806D800F10040034B80383B
:1045900033F8100070470020704700BF1C970008D8
:1045A000B0F5803FF0B522D21F4A83B21F49B0F563
:1045B000805F28BF0A46141D34F8042C2146AAB196
:1045C000934213D334F8025C2E0AEFB252FA85F507
:1045D000A84222DA082E09D8DFE806F0050A1012F0
:1045E0001416181A1C00801A34F810301846F0BD42
:1045F000981A00F001001B1A9BB2F7E7103BFBE78B
:10460000203BF9E7303BF7E71A3BF5E70833F3E7E0
:10461000503BF1E7A3F5E353EEE70434002ECBD192
:1046200001EB4702C7E700BF6C94000860960008E2
:1046300008B5074B074A196801F03D0199605368B6
:104640000BB190689847BDE8084003F0B7B800BFC9
:10465000000002403C36002008B5084B1968890963
:1046600001F03D018A019A60054AD3680BB11069D7
:104670009847BDE8084003F0A1B800BF0000024021
:104680003C36002008B5084B1968090C01F03D01C3
:104690000A049A60054A53690BB190699847BDE8CE
:1046A000084003F08BB800BF000002403C360020F9
:1046B00008B5084B1968890D01F03D018A059A601B
:1046C000054AD3690BB1106A9847BDE8084003F06A
:1046D00075B800BF000002403C36002008B5074B0B
:1046E000074A596801F03D01D960536A0BB1906ADD
:1046F0009847BDE8084003F061B800BF00000240E1
:104700003C36002008B5084B5968890901F03D0185
:104710008A01DA60054AD36A0BB1106B9847BDE88D
:10472000084003F04BB800BF000002403C360020B8
:1047300008B5084B5968090C01F03D010A04DA601C
:10474000054A536B0BB1906B9847BDE8084003F0E6
:1047500035B800BF000002403C36002008B5084BC9
:104760005968890D01F03D018A05DA60054AD36B6D
:104770000BB1106C9847BDE8084003F01FB800BFAC
:10478000000002403C36002008B5074B074A196874
:1047900001F03D019960536C0BB1906C9847BDE8F6
:1047A000084003F00BB800BF000402403C36002074
:1047B00008B5084B1968890901F03D018A019A6022
:1047C000054AD36C0BB1106D9847BDE8084002F064
:1047D000F5BF00BF000402403C36002008B5084B7E
:1047E0001968090C01F03D010A049A60054A536DED
:1047F0000BB1906D9847BDE8084002F0DFBF00BFE5
:10480000000402403C36002008B5084B1968890DA9
:1048100001F03D018A059A60054AD36D0BB1106E17
:104820009847BDE8084002F0C9BF00BF000402403D
:104830003C36002008B5074B074A596801F03D0196
:10484000D960536E0BB1906E9847BDE8084002F0F6
:10485000B5BF00BF000402403C36002008B5084B3D
:104860005968890901F03D018A01DA60054AD36E71
:104870000BB1106F9847BDE8084002F09FBF00BF22
:10488000000402403C36002008B5084B5968090C6A
:1048900001F03D010A04DA60054A536F0BB1906FD5
:1048A0009847BDE8084002F089BF00BF00040240FD
:1048B0003C36002008B5084B5968890D01F03D01D0
:1048C0008A05DA60054AD36F13B1D2F880009847A1
:1048D000BDE8084002F072BF000402403C360020F0
:1048E00000230C4910B51A460B4C0B6054F82300FA
:1048F000026001EB430004334260402BF6D1074ACB
:104900004FF0FF339360D360C2F80834C2F80C3420
:1049100010BD00BF3C3600201C980008000002407B
:104920000F28F8B510D9102810D0112811D012284E
:1049300008D10F240720DFF8C8E00126DEF8005078
:10494000A04208D9002653E00446F4E70F240020D3
:10495000F1E70724FBE706FA00F73D424AD1264C6F
:104960004FEA001C3D4304EB00160EEBC000CEF8EE
:104970000050C0E90123FBB273B12048D0F8D83011
:1049800043F00103C0F8D830D0F8003143F0010300
:10499000C0F80031D0F8003117F47F4F0ED017481F
:1049A000D0F8D83043F00203C0F8D830D0F8003146
:1049B00043F00203C0F80031D0F8003154F80C0085
:1049C000036823F01F030360056815F00105FBD1A0
:1049D00004EB0C033D2493F80CC05F6804FA0CF45C
:1049E0003C6021240560446112B1987B00F0D8FC42
:1049F0003046F8BD0130A3E71C9800080044025877
:104A00003C36002010B5302484F31188FFF788FF6E
:104A1000002383F3118810BD10B50446807B00F09D
:104A2000D5FC01231549627B03FA02F20B6823EAE5
:104A30000203DAB20B6072B9114AD2F8D81021F031
:104A40000101C2F8D810D2F8001121F00101C2F81A
:104A50000011D2F8002113F47F4F0ED1084BD3F888
:104A6000D82022F00202C3F8D820D3F8002122F087
:104A70000202C3F80021D3F8003110BD3C360020FB
:104A80000044025808B5302383F31188FFF7C4FFB0
:104A9000002383F3118808BD836CC26A8B4250687F
:104AA00010B506D95A1E4C0002EB4103B3FBF4F3D8
:104AB000184410BD01F001038A0748BF43F0020308
:104AC0004A0748BF43F008030A0748BF43F00403FE
:104AD000CA0648BF43F010038A06426B48BF43F042
:104AE000200313434363704710B5074C204600F082
:104AF000D9FF064B0022C4E91023054BA364054BE4
:104B0000E363054BE36410BDC03600200024024877
:104B100000B4C4041437002014390020C36A0BB950
:104B2000104BC3620379012B11D10F4B98420ED168
:104B30000E4BD3F8DC2042F40072C3F8DC20D3F82B
:104B4000042142F40072C3F80421D3F80431436C09
:104B500000221A65DA621A605A605A624FF0FF3218
:104B60009A6370471C990008C03600200044025820
:104B70000379012B29D0436C00221A65DA621A608E
:104B80005A605A624FF0FF329A63104B98421CD120
:104B90000F4BD3F8842042F40072C3F88420D3F87A
:104BA000842022F40072C3F88420D3F88420D3F840
:104BB000DC2022F40072C3F8DC20D3F8042122F4B4
:104BC0000072C3F80421D3F804317047C0360020C6
:104BD0000044025810B5446C0649FFF75DFF606061
:104BE000236842F2107043F003032360BDE81040D5
:104BF00001F05EBD801A06000129F8B5466C0B4F26
:104C000009D175680A493D40FFF746FF054345F461
:104C100080557560F8BD746806493C40FFF73CFF5D
:104C2000044344F480547460F4E700BF00ECFFFFD9
:104C300080F0FA0240787D01436C00225A601A60CD
:104C400070470000426C0129536823F4404304D0AC
:104C5000022905D001B95360704743F48043FAE755
:104C600043F40043F7E70000436C41F480519A603D
:104C7000D9605A6B1206FCD580229A6370470000F7
:104C800010B541F48851446CA260E160616B11F091
:104C90004502FBD0A26311F0040203D0FFF70AFF24
:104CA000012010BD616910461960FAE710B541F4A2
:104CB0008851446CA260E160616B11F04502FBD049
:104CC000A26311F0050203D0FFF7F4FE012010BD2E
:104CD000616910461960FAE773B5134604460E463B
:104CE000302282F31188426CD26B32B14FF0FF3127
:104CF0004030019301F0E8FC019B606C00220265EA
:104D0000C263C262456B15F4807504D185F31188C6
:104D1000012002B070BD4FF0FF31816382F3118832
:104D2000012E06D90C21204602B0BDE87040FFF7E5
:104D3000BDBF1046EDE7000073B5446C0E4600257C
:104D40000192616BA1632565E562FFF7B3FE012E59
:104D500007D9019B2A460C2102B0BDE87040FFF73D
:104D6000A5BF02B070BD000010B541F49851446C6D
:104D7000A260E160616B11F04502FBD0A26311F00B
:104D80003F0203D0FFF796FE012010BD216A1046B6
:104D90001960E1695960A16999606169D960F4E7B6
:104DA0002DE9F74304460191006D01A91746984685
:104DB00002F02CFC064600284AD0626C2046DDF842
:104DC00004905568C5F3090501356B00A56CB5FB6A
:104DD000F3F54FF47A73B5FBF3F55D43556200F0DC
:104DE00027FE50BB636C4FF0FF3201254146C3F8EC
:104DF000589020461D659A634FF49572DA6342F22B
:104E000007029F62DA62E36C0A9AFFF74FFFA0B9CC
:104E1000E26C104B11680B407BB929462046FFF726
:104E20005BFF054648B92E463A460199206D02F0CF
:104E300025FC304603B0BDE8F083E26C204601213A
:104E4000FFF77AFF3A460199206D02F017FCF0E770
:104E50000126EEE708E0FFFD2DE9F7431F46436C0E
:104E600001924FF47A725D6804468846C5F30905DD
:104E700001356E00856CB5FBF6F5B5FBF2F55543D3
:104E80005D6200F0D5FD20B10125284603B0BDE8E4
:104E9000F0837E0201A9206D324602F0B7FB054681
:104EA0000028F1D0636C019AD4F84C909A650122E5
:104EB0001A654FF0FF329A634FF49572DA639E627F
:104EC000236BDB064B4658BF4FEA4828012F42466A
:104ED0001BD912212046FFF7E9FEC0B9D9F80020FE
:104EE000104B13409BB9636C42F293023946204643
:104EF000DA62E26CFFF7F0FE804640B93246019973
:104F0000206D454602F0BAFBBFE71121E2E7E26CF3
:104F100039462046FFF710FF32460199206D02F016
:104F2000ADFBB2E708E0FFFD2DE9F3411F46436CFE
:104F300001924FF47A725D6804468846C5F309050C
:104F400001356E00856CB5FBF6F5B5FBF2F5554302
:104F50005D6200F06DFD20B10125284602B0BDE87C
:104F6000F0817E0201A9206D324602F095FB0546D4
:104F70000028F1D0636C019A9A6501221A654FF0FE
:104F8000FF329A634FF48D72DA639E62236BE66C94
:104F9000DB06334658BF4FEA4828012F424619D94D
:104FA00019212046FFF782FEB0B932680F4B13403B
:104FB00093B9636C42F2910239462046DA62E26CA0
:104FC000FFF78AFE064638B901993546206D02F092
:104FD0009FFBC2E71821E4E739462046E26CFFF761
:104FE000ABFE0199206D02F093FBB6E708E0FFFDF0
:104FF00012F0030F2DE9F04107460C4615461E46F8
:1050000017D00E44B44202D10020BDE8F081012344
:10501000FA6B21463846FFF71FFF0028F5D12846D6
:105020004FF40072F96B05F500750134FCF770FE62
:10503000E8E7BDE8F041FFF70FBF000012F0030FF3
:105040002DE9F04107460C4615461E4617D00E4482
:10505000B44202D10020BDE8F08129464FF400722D
:10506000F86B05F50075FCF753FE0123FA6B21463A
:105070003846FFF759FF0028EDD10134E8E7BDE8D5
:10508000F041FFF751BF000000207047302310B5FA
:1050900083F311880024436C40302146DC6301F027
:1050A00021FB84F3118810BD02684368114301603D
:1050B00003B1184770470000024A136843F0C00369
:1050C0001360704700480040024A136843F0C00371
:1050D0001360704700500040024A136843F0C00359
:1050E0001360704700780040064BD3F8E820024375
:1050F000C3F8E820D3F810211043C3F81001D3F807
:10510000103170470044025837B5274C274D2046D0
:1051100000F028FD04F11400009400234FF4007205
:10512000234900F0C3F94FF40072224904F138001A
:105130000094214B00F03CFA204BC4E91735204C79
:10514000204600F00FFD04F11400009400234FF4FA
:1051500000721C4900F0AAF94FF400721A4904F1D8
:1051600038000094194B00F023FA194BC4E91735A5
:10517000184C204600F0F6FC04F1140000234FF414
:1051800000721549009400F091F9144B4FF400722D
:10519000134904F13800009400F00AFA114BC4E9F5
:1051A000173503B030BD00BF1839002000E1F50508
:1051B0005C3A00205C400020B950000800480040E4
:1051C000843900205C3C00205C420020C95000086B
:1051D00000500040F03900205C3E0020D95000080B
:1051E0005C4400200078004038B5264D0446037C1E
:1051F000002918BF0D46012B06D1234B984230D110
:105200004FF48020FFF770FF2A68236EE16D03EBF7
:105210005203A566B3FBF2F36A68100442BF23F0A1
:10522000070003F0070343EA4003CB60AB6843F099
:1052300040034B60EB6843F001038B6042F49673CC
:1052400043F001030B604FF0FF330B62510505D5AE
:1052500012F0102211D0B2F1805F10D084F86430C7
:1052600038BD0A4B984205D0094B9842CCD14FF03B
:105270008040C7E74FF48010C4E77F23EEE73F2369
:10528000ECE700BF24990008183900208439002079
:10529000F03900202DE9F047C66D05463768F469FE
:1052A000210734621AD014F0080118BF4FF480713E
:1052B000E20748BF41F02001A3074FF0300348BF89
:1052C00041F04001600748BF41F0800183F311883D
:1052D000281DFFF7E9FE002383F31188E2050AD5B4
:1052E000302383F311884FF48061281DFFF7DCFE23
:1052F000002383F311884FF030094FF0000A14F0B7
:10530000200838D13B0616D54FF0300905F1380A90
:10531000200610D589F31188504600F07DF9002849
:1053200036DA0821281DFFF7BFFE27F0800333601F
:10533000002383F31188790614D5620612D5302331
:1053400083F31188D5E913239A4208D12B6C33B12A
:1053500027F040071021281DFFF7A6FE3760002325
:1053600083F31188E30618D5AA6E1369ABB15069AF
:10537000BDE8F047184789F31188736A284695F805
:105380006410194000F008FC8AF31188F469B6E74C
:10539000B06288F31188F469BAE7BDE8F0870000CD
:1053A000090100F16043012203F56143C9B283F8AA
:1053B000001300F01F039A4043099B0003F1604370
:1053C00003F56143C3F880211A60704700F01F03A2
:1053D00001229A40430900F160409B0000F56140C2
:1053E00003F1604303F56143C3F88020C3F88021D3
:1053F000002380F800337047F8B5154682680446EC
:105400000B46AA4200D28568A1692669761AB54280
:105410000BD218462A46FCF77BFCA3692B44A361F8
:105420002846A3685B1BA360F8BD0CD9AF1B1846C8
:105430003246FCF76DFC3A46E1683044FCF768FC04
:10544000E3683B44EBE718462A46FCF761FCE36857
:10545000E5E7000083689342F7B50446154600D29D
:105460008568D4E90460361AB5420BD22A46FCF7A7
:105470004FFC63692B4463612846A3685B1BA360F0
:1054800003B0F0BD0DD93246AF1B0191FCF740FCD3
:1054900001993A46E0683144FCF73AFCE3683B4442
:1054A000E9E72A46FCF734FCE368E4E710B50A4470
:1054B0000024C361029B8460C16002610362C0E991
:1054C0000000C0E9051110BD08B5D0E905329342CE
:1054D00001D1826882B98268013282605A1C4261BD
:1054E00019700021D0E904329A4224BFC368436195
:1054F00001F012F9002008BD4FF0FF30FBE700007B
:1055000070B5302304460E4683F31188A568A5B113
:10551000A368A269013BA360531CA36115782269AB
:10552000934224BFE368A361E3690BB12046984727
:10553000002383F31188284607E03146204601F016
:10554000DBF80028E2DA85F3118870BD2DE9F74F0A
:1055500004460E4617469846D0F81C904FF0300A85
:105560008AF311884FF0000B154665B12A46314683
:105570002046FFF741FF034660B94146204601F04F
:10558000BBF80028F1D0002383F31188781B03B007
:10559000BDE8F08FB9F1000F03D001902046C84755
:1055A000019B8BF31188ED1A1E448AF31188DCE706
:1055B000C160C361009B82600362C0E905111144B0
:1055C000C0E9000001617047F8B504460D46164673
:1055D000302383F31188A768A7B1A368013BA360B8
:1055E00063695A1C62611D70D4E904329A4224BF77
:1055F000E3686361E3690BB120469847002080F3BC
:10560000118807E03146204601F076F80028E2DAFA
:1056100087F31188F8BD0000D0E9052310B59A4240
:1056200001D182687AB982680021013282605A1CF5
:1056300082611C7803699A4224BFC368836101F0C8
:105640006BF8204610BD4FF0FF30FBE72DE9F74F18
:1056500004460E4617469846D0F81C904FF0300A84
:105660008AF311884FF0000B154665B12A46314682
:105670002046FFF7EFFE034660B94146204601F0A1
:105680003BF80028F1D0002383F31188781B03B086
:10569000BDE8F08FB9F1000F03D001902046C84754
:1056A000019B8BF31188ED1A1E448AF31188DCE705
:1056B0000379052B05BF836A002001204B6004BFDE
:1056C0004FF400730B60704770B55D1E866A044628
:1056D0000D44B54205D9436B43F080034363012079
:1056E00070BD06250571FFF783FC05232371F7E7DD
:1056F00070B55D1E866A04460D44B54205D9436BFC
:1057000043F080034363012070BD07250571FFF757
:1057100095FC05232371F7E738B505790446052D77
:1057200005D108230371FFF7AFFC257138BD0120B7
:10573000FCE700000323F0B5037185B00446FFF7D2
:1057400049FA002220461146FFF78EFA4FF4D5722F
:1057500003AB08212046FFF7A9FA0246B8B9012396
:105760002363039BC3F30323012B09D103AB37212D
:105770002046FFF79BFA18B9A44B039A1340ABB12C
:1057800020460125FFF758FA0223237137E103ABC6
:10579000002237212046FFF789FA28B99B4A039B4C
:1057A0001A40002A00F0A78002232363236B03F032
:1057B0000F03022B40F0A9806425954E42F2107031
:1057C00000F076FF03AB324601212046FFF758FA7E
:1057D0000028D5D1039B002B80F293805A0003D57B
:1057E000236B43F010032363002204F1080302211A
:1057F0002046FFF7B9FA02460028C1D104F1380368
:1058000003212046FFF752FA0028B9D104F1180508
:10581000A26B092120462B46FFF7A6FA0028AFD13C
:1058200002ABA26B07212046FFF740FA064600288C
:10583000A6D1236B03F00F03022B40F08F807E2252
:105840007F21284603F028FA012840F28780E76B81
:1058500042F2107000F02CFF08234FF4007239461A
:1058600020460096FFF79CFA002889D1384603F0BD
:1058700061FA236BA06203F00F03022B72D103AB1A
:10588000644A06212046FFF711FA002871D15F49CA
:10589000039B1940B1FA81F149092046FFF7ACF9A1
:1058A00002AB4FF4007210212046FFF7FFF90546C6
:1058B00000287FF465AF554E029B33427FF460AF02
:1058C000236B13F00E0F03F00F0273D0022A7FF444
:1058D00057AFE36A1978012900F09480022900F09B
:1058E0009380002900F089804B4F2046FFF7AAF9EA
:1058F00003AB3A4676E0114620462263FFF7B4F93F
:1059000054E7013D7FF45AAF3AE7444D6426444AD8
:105910003E4F012B18BF154603AB0022372120460E
:10592000FFF7C4F900287FF42BAF039B3B427FF4C1
:1059300027AF03AB2A4629212046FFF7A1F900280B
:105940007FF41EAF039B002BFFF648AF013E3FF4F0
:1059500017AF42F2107000F0ABFEDDE7284603F00F
:10596000BDF986E77E227F212846E66B03F094F995
:1059700008B9002191E700234022314620460093D8
:105980000623FFF70DFA0028F3D1B3895BBA9B0712
:10599000EFD5244B40223146204600930623FFF7E3
:1059A000FFF90028E5D1317C01F00F010F3918BF54
:1059B000012172E7E36A1978F9B101297FF4E0AEB9
:1059C0002046FFF73FF903ABA26B37212046FFF7D4
:1059D0006DF900287FF4D4AE039B33427FF4D0AE40
:1059E00003AB022206212046FFF760F900287FF46E
:1059F000C7AE039B33427FF4C3AE05232371284611
:105A000005B0F0BD084F70E7084F6EE708E0FFFDF6
:105A10000080FFC00001B9030000B7030080FF5001
:105A200000001080F1FFFF800001B7030002B70300
:105A300037B504460C4D01ABA26B0D212046FFF794
:105A400035F978B9019B2B420BD1C3F34323042BC7
:105A500008D0053B022B04D84FF47A7000F028FEE2
:105A6000E9E7012003B030BD08E0FFFD70B5302349
:105A7000054683F3118803790024022B03D184F3B4
:105A80001188204670BD0423037184F31188022617
:105A9000FFF7CEFF04462846FFF7CEF82E71F0E759
:105AA000FFF722B8044B0360012303710023436313
:105AB000C0E90A33704700BF3C99000810B5302395
:105AC000044683F31188C162FFF728F802230020FF
:105AD000237180F3118810BD10B53023044683F381
:105AE0001188FFF745F800230122E362227183F356
:105AF000118810BD026843681143016003B1184763
:105B0000704700001430FFF721BD00004FF0FF3355
:105B10001430FFF71BBD00003830FFF797BD0000C1
:105B20004FF0FF333830FFF791BD00001430FFF71E
:105B3000E7BC00004FF0FF311430FFF7E1BC00007C
:105B40003830FFF741BD00004FF0FF323830FFF72B
:105B50003BBD0000012914BF6FF013000020704707
:105B6000FFF7D2BA044B036000234360C0E902335D
:105B700001230374704700BF6099000810B53023FB
:105B8000044683F31188FFF72FFB022300202374C0
:105B900080F3118810BD000038B5C36904460D4676
:105BA0001BB904210844FFF7A5FF294604F114009E
:105BB000FFF78AFC002806DA201D4FF40061BDE8DB
:105BC0003840FFF797BF38BD026843681143016052
:105BD00003B118477047000013B5406B00F58054BF
:105BE000D4F8A4381A681178042914D1017C022948
:105BF00011D11979012312898B4013420BD101A9CC
:105C00004C3002F077FFD4F8A4480246019B21797A
:105C1000206800F0DFF902B010BD0000143002F07F
:105C2000F9BE00004FF0FF33143002F0F3BE000065
:105C30004C3002F0CBBF00004FF0FF334C3002F08D
:105C4000C5BF0000143002F0C7BE00004FF0FF31A6
:105C5000143002F0C1BE00004C3002F097BF0000CB
:105C60004FF0FF324C3002F091BF0000002070472F
:105C700010B500F58054D4F8A4381A6811780429B6
:105C800017D1017C022914D15979012352898B4003
:105C900013420ED1143002F059FE024648B1D4F836
:105CA000A4484FF4407361792068BDE8104000F0CB
:105CB0007FB910BD406BFFF7DBBF000070470000ED
:105CC0007FB5124B012504260446036000230574AA
:105CD00000F1840243602946C0E902330C4B029074
:105CE000143001934FF44073009602F00BFE094B01
:105CF00004F69442294604F14C000294CDE9006375
:105D00004FF4407302F0D2FE04B070BD88990008D1
:105D1000B55C0008D95B00080A68302383F311885A
:105D20000B790B3342F823004B79133342F82300ED
:105D30008B7913B10B3342F8230000F58053C3F87D
:105D4000A41802230374002080F311887047000018
:105D500038B5037F044613B190F85430ABB9012530
:105D6000201D0221FFF730FF04F114006FF0010144
:105D7000257700F0DDFC04F14C0084F854506FF0FE
:105D80000101BDE8384000F0D3BC38BD10B5012199
:105D900004460430FFF718FF0023237784F85430BB
:105DA00010BD000038B504460025143002F0C2FDD5
:105DB00004F14C00257702F091FE201D84F8545028
:105DC0000121FFF701FF2046BDE83840FFF750BF33
:105DD00090F8803003F06003202B06D190F88120EA
:105DE0000023212A03D81F2A06D800207047222A20
:105DF000FBD1C0E91D3303E0034A426707228267F3
:105E0000C3670120704700BF3C22002037B500F572
:105E10008055D5F8A4381A68117804291AD1017C64
:105E2000022917D11979012312898B40134211D10C
:105E300000F14C04204602F011FF58B101A92046A0
:105E400002F058FED5F8A4480246019B217920684B
:105E500000F0C0F803B030BD01F10B03F0B550F80D
:105E6000236085B004460D46FEB1302383F31188CC
:105E700004EB8507301D0821FFF7A6FEFB6806F13D
:105E80004C005B691B681BB1019002F041FE019858
:105E900003A902F02FFE024648B1039B2946204683
:105EA00000F098F8002383F3118805B0F0BDFB687B
:105EB0005A691268002AF5D01B8A013B1340F1D1C0
:105EC00004F18002EAE70000133138B550F82140B0
:105ED000ECB1302383F3118804F58053D3F8A42860
:105EE0001368527903EB8203DB689B695D6845B1F7
:105EF00004216018FFF768FE294604F1140002F03F
:105F00002FFD2046FFF7B4FE002383F3118838BD30
:105F10007047000001F050BD01234022002110B560
:105F2000044600F8303BFBF719FF0023C4E90133B6
:105F300010BD000010B53023044683F311882422DD
:105F4000416000210C30FBF709FF204601F056FDAF
:105F500002230020237080F3118810BD70B500EB80
:105F60008103054650690E461446DA6018B11022C6
:105F70000021FBF7F3FEA06918B110220021FBF706
:105F8000EDFE31462846BDE8704001F03DBE000000
:105F900083682022002103F0011310B504468360BA
:105FA0001030FBF7DBFE2046BDE8104001F0B8BE24
:105FB000F0B4012500EB810447898D40E4683D433E
:105FC000A469458123600023A2606360F0BC01F0F6
:105FD000D5BE0000F0B4012500EB810407898D4097
:105FE000E4683D436469058123600023A260636027
:105FF000F0BC01F04BBF000070B502230025044641
:10600000242203702946C0F888500C3040F8045C04
:10601000FBF7A4FE204684F8705001F089FD636808
:106020001B6823B129462046BDE87040184770BD63
:106030000378052B10B504460AD080F88C30052370
:10604000037043681B680BB1042198470023A360C9
:1060500010BD00000178052906D190F88C20436816
:1060600002701B6803B118477047000070B590F8C4
:106070007030044613B1002380F8703004F18002C0
:10608000204601F071FE63689B68B3B994F88030D4
:1060900013F0600535D00021204602F063F900219D
:1060A000204602F053F963681B6813B106212046AD
:1060B0009847062384F8703070BD20469847002822
:1060C000E4D0B4F88630A26F9A4288BFA36794F9EF
:1060D0008030A56F002B4FF0300380F20381002D3C
:1060E00000F0F280092284F8702083F311880021E7
:1060F0002046D4E91D23FFF76DFF002383F31188A9
:10610000DAE794F8812003F07F0343EA022340F2A8
:106110000232934200F0C58021D8B3F5807F48D089
:106120000DD8012B3FD0022B00F09380002BB2D171
:1061300004F1880262670222A267E367C1E7B3F550
:10614000817F00F09B80B3F5407FA4D194F882302A
:10615000012BA0D1B4F8883043F0020332E0B3F54C
:10616000006F4DD017D8B3F5A06F31D0A3F5C06341
:10617000012B90D86368204694F882205E6894F8DA
:106180008310B4F88430B047002884D04368636734
:106190000368A3671AE0B3F5106F36D040F60242E9
:1061A00093427FF478AF5C4B63670223A3670023BD
:1061B000C3E794F88230012B7FF46DAFB4F88830D8
:1061C00023F00203A4F88830C4E91D55E56778E799
:1061D000B4F88030B3F5A06F0ED194F88230204629
:1061E00084F88A3001F002FD63681B6813B1012155
:1061F00020469847032323700023C4E91D339CE7FE
:1062000004F18B0363670123C3E72378042B10D1C8
:10621000302383F311882046FFF7BAFE85F31188F7
:106220000321636884F88B5021701B680BB12046F2
:10623000984794F88230002BDED084F88B3004230A
:10624000237063681B68002BD6D002212046984734
:10625000D2E794F8843020461D0603F00F010AD5DA
:1062600001F074FD012804D002287FF414AF2B4BF9
:106270009AE72B4B98E701F05BFDF3E794F8823047
:10628000002B7FF408AF94F8843013F00F01B3D0E3
:106290001A06204602D502F07DF8ADE702F06EF84E
:1062A000AAE794F88230002B7FF4F5AE94F884309E
:1062B00013F00F01A0D01B06204602D502F052F8C1
:1062C0009AE702F043F897E7142284F8702083F3EA
:1062D00011882B462A4629462046FFF769FE85F39A
:1062E0001188E9E65DB1152284F8702083F31188E6
:1062F00000212046D4E91D23FFF75AFEFDE60B22BC
:1063000084F8702083F311882B462A4629462046BC
:10631000FFF760FEE3E700BFB8990008B0990008F6
:10632000B499000838B590F870300446002B3ED080
:10633000063BDAB20F2A34D80F2B32D8DFE803F04D
:106340003731310822323131313131313131373762
:10635000856FB0F886309D4214D2C3681B8AB5FBA6
:10636000F3F203FB12556DB9302383F311882B46EA
:106370002A462946FFF72EFE85F311880A2384F862
:1063800070300EE0142384F87030302383F31188CA
:10639000002320461A461946FFF70AFE002383F31E
:1063A000118838BDC36F03B198470023E7E7002188
:1063B000204601F0D7FF0021204601F0C7FF6368A7
:1063C0001B6813B10621204698470623D7E7000033
:1063D00010B590F870300446142B29D017D8062B2E
:1063E00005D001D81BB110BD093B022BFBD8002101
:1063F000204601F0B7FF0021204601F0A7FF6368A7
:106400001B6813B1062120469847062319E0152B77
:10641000E9D10B2380F87030302383F311880023F7
:106420001A461946FFF7D6FD002383F31188DAE7F1
:10643000C3689B695B68002BD5D1C36F03B19847D4
:10644000002384F87030CEE70023826880F824307F
:1064500083691B6899689142FBD25A680360426065
:1064600010605860704700000023826880F8243074
:1064700083691B6899689142FBD85A68036042603F
:10648000106058607047000008B50846302383F359
:10649000118891F82430032B05D0042B0DD02BB993
:1064A00083F3118808BD8B6A00221A604FF0FF3316
:1064B0008362FFF7C9FF0023F2E7D1E900321360DE
:1064C0005A60F3E7034610B51B68984203D09C68F6
:1064D0008A689442F8D25A680B604A601160596029
:1064E00010BD0000FFF7B0BF064BD96881F824004B
:1064F0001868026853601A600122D86080F824206E
:10650000F9F780BF604600200C4B30B5DD684B1CAE
:1065100087B004460FD02B46094A684600F09CF924
:106520002046FFF7E1FF009B13B1684600F09EF99B
:10653000A86A07B030BDFFF7D7FFF9E76046002033
:1065400089640008044B1A68DB6890689B6898426D
:1065500094BF00200120704760460020094B10B511
:106560001C68D868226853601A600122DC6084F8D5
:106570002420FFF779FF01462046BDE81040F9F7D7
:1065800041BF00BF60460020044B1A68DB68926878
:106590009B689A4201D9FFF7E1BF7047604600202F
:1065A00038B50123084C00252370656002F0F0FB2C
:1065B00002F016FC0549064802F0ECFC02232370A9
:1065C00085F3118838BD00BF08490020C099000834
:1065D0006046002000F080B9034A516853685B1A96
:1065E0009842FBD8704700BF001000E08B604B63FF
:1065F0000023CA6100F128020B6302230A618B8425
:106600000123886181F8263001F11003C26A4A61D2
:106610001360C36201F12C030846CB62704700008F
:10662000D0E90131026841F8183CA1F19C033839E6
:10663000CB60036941F8243C436941F8203C034B9B
:1066400041F8043CC3680248FFF7D0BF1D040008AE
:106650006046002008B5FFF7E3FFBDE80840FFF7FC
:1066600041BF000038B50E4BDC6804F12C05A06278
:10667000E06AA8420FD194F826303BB994F825304F
:106680009B0702BFD4E9043213605A600F20BDE8B3
:106690003840FFF729BF0368E362FFF723FFE7E70E
:1066A00060460020302383F31188FFF7DBBF000032
:1066B00008B50146302383F311880820FFF724FF33
:1066C000002383F3118808BD054BDB6821B103600B
:1066D00098620320FFF718BF4FF0FF30704700BFEC
:1066E0006046002003682BB10022026018469962C0
:1066F000FFF7F8BE70470000064BDB6839B142680F
:1067000018605A60136043600420FFF7FDBE4FF02D
:10671000FF307047604600200368984206D01A6830
:106720000260506018469962FFF7DCBE70470000B7
:1067300038B504460D462068844200D138BD036850
:1067400023605C608562FFF7CDFEF4E7036810B557
:106750009C68A2420CD85C688A600B604C60216027
:10676000596099688A1A9A604FF0FF33836010BDB0
:10677000121B1B68ECE700000A2938BF0A2170B51C
:1067800004460D460A26601902F0FCFA02F0E4FA0B
:10679000041BA54203D8751C04462E46F3E70A2EB7
:1067A00004D90120BDE8704002F0BCBC70BD0000FF
:1067B000F8B5144B0D460A2A4FF00A07D96103F1C8
:1067C0001001826038BF0A224160196914460160D5
:1067D00048601861A81802F0C5FA02F0BDFA431B20
:1067E0000646A34206D37C1C28192746354602F0EC
:1067F000C9FAF2E70A2F04D90120BDE8F84002F0F7
:1068000091BCF8BD60460020F8B506460D4602F082
:10681000A3FA0F4A134653F8107F9F4206D12A4627
:1068200001463046BDE8F840FFF7C2BFD169BB68FA
:10683000441A2C1928BF2C46A34202D92946FFF737
:106840009BFF224631460348BDE8F840FFF77EBF74
:106850006046002070460020C0E90323002310B4E6
:106860005DF8044B4361FFF7CFBF000010B5194C32
:10687000236998420DD08168D0E9003213605A60D4
:106880009A680A449A60002303604FF0FF33A361C3
:1068900010BD0268234643F8102F536000220260A7
:1068A00022699A4203D1BDE8104002F065BA9368AC
:1068B00081680B44936002F04FFA2269E1699268A3
:1068C000441AA242E4D91144BDE81040091AFFF766
:1068D00053BF00BF604600202DE9F047DFF8BC80C1
:1068E00008F110072C4ED8F8105002F035FAD8F8FD
:1068F0001C40AA68031B9A423ED814444FF000097A
:10690000D5E90032C8F81C4013605A60C5F8009001
:10691000D8F81030B34201D102F02EFA89F3118871
:10692000D5E9033128469847302383F311886B69F2
:10693000002BD8D002F010FA6A69A0EB0409824655
:106940004A450DD2022002F0EDFB0022D8F81030AB
:10695000B34208D151462846BDE8F047FFF728BFAB
:10696000121A2244F2E712EB09092946384638BFC9
:106970004A46FFF7EBFEB5E7D8F81030B34208D02F
:106980001444C8F81C00211AA960BDE8F047FFF7BD
:10699000F3BEBDE8F08700BF7046002060460020CF
:1069A00038B502F0D9F9054AD2E90845031B181990
:1069B00045F10001C2E9080138BD00BF6046002072
:1069C00010B560B9074804790368053C9B6818BF97
:1069D0000124984708B144F00404204610BD012466
:1069E000FBE700BFC0360020FFF7EABF2DE9F04704
:1069F000884617469A460446B0B90D4E3579052D9E
:106A000005D003240DE0013D15F0FF050ED03268DE
:106A1000534639463046D2F814904246C8470028BB
:106A2000F1D12046BDE8F0870424FAE70124F8E715
:106A3000C03600202DE9F047884617469A4604469E
:106A4000B0B90D4E3579052D05D003240DE0013D7B
:106A500015F0FF050ED03268534639463046D2F85D
:106A600018904246C8470028F1D12046BDE8F0877B
:106A70000424FAE70124F8E7C036002037B50C46B5
:106A8000154670B951B101290BD107486946036811
:106A90001B6A984710B9019B04462B60204603B03F
:106AA00030BD0424FAE700BFC03600200020704744
:106AB000FEE70000704700004FF0FF307047000015
:106AC0004B6843608B688360CB68C3600B6943612C
:106AD0004B6903628B6943620B6803607047000077
:106AE00008B53C4B40F2FF713B48D3F888200A437D
:106AF000C3F88820D3F8882022F4FF6222F007022E
:106B0000C3F88820D3F88820D3F8E0200A43C3F8DC
:106B1000E020D3F808210A43C3F808212F4AD3F80C
:106B200008311146FFF7CCFF00F5806002F11C012F
:106B3000FFF7C6FF00F5806002F13801FFF7C0FFE4
:106B400000F5806002F15401FFF7BAFF00F58060A4
:106B500002F17001FFF7B4FF00F5806002F18C01D3
:106B6000FFF7AEFF00F5806002F1A801FFF7A8FF74
:106B700000F5806002F1C401FFF7A2FF00F580601C
:106B800002F1E001FFF79CFF00F5806002F1FC01DB
:106B9000FFF796FF02F58C7100F58060FFF790FF1C
:106BA00001F090FC0E4BD3F8902242F00102C3F8A2
:106BB0009022D3F8942242F00102C3F894220522D5
:106BC000C3F898204FF06052C3F89C20054AC3F8E0
:106BD000A02008BD0044025800000258D4990008C3
:106BE00000ED00E01F00080308B501F077FEFFF795
:106BF000D7FC104BD3F8DC2042F04002C3F8DC2075
:106C0000D3F8042122F04002C3F80421D3F8043160
:106C1000094B1A6842F008021A601A6842F004022E
:106C20001A6000F07DFD00F03DFBBDE8084000F07B
:106C3000B5B800BF00440258001802480120704750
:106C4000002070477047000002290CD0032904D0AF
:106C50000129074818BF00207047032A05D80548B6
:106C600000EBC2007047044870470020704700BF27
:106C7000D49B00084C220020889B000870B59AB075
:106C800005460846144601A900F0C2F801A8FBF722
:106C90005DF8431C0022C6B25B001046C5E9003413
:106CA00023700323023404F8013C01ABD1B2023457
:106CB0008E4201D81AB070BD13F8011B013204F8DE
:106CC000010C04F8021CF1E708B5302383F31188A6
:106CD0000348FFF79BF8002383F3118808BD00BF2A
:106CE0001049002090F8803003F01F02012A07D1DC
:106CF00090F881200B2A03D10023C0E91D3315E051
:106D000003F06003202B08D1B0F884302BB990F841
:106D10008120212A03D81F2A04D8FFF759B8222A34
:106D2000EBD0FAE7034A426707228267C367012074
:106D3000704700BF4322002007B5052917D8DFE8B8
:106D400001F0191603191920302383F31188104A12
:106D500001210190FFF702F9019802210D4AFFF786
:106D6000FDF80D48FFF71EF8002383F3118803B0E8
:106D70005DF804FB302383F311880748FEF7E8FF32
:106D8000F2E7302383F311880348FEF7FFFFEBE7B8
:106D9000289B00084C9B00081049002038B50C4D7A
:106DA0000C4C2A460C4904F10800FFF767FF05F177
:106DB000CA0204F110000949FFF760FF05F5CA7225
:106DC00004F118000649BDE83840FFF757BF00BF7F
:106DD000E86100204C220020089B0008129B00085C
:106DE0001D9B000870B5044608460D46FAF7AEFF35
:106DF000C6B22046013403780BB9184670BD32463E
:106E00002946FAF78FFF0028F3D10120F6E70000AA
:106E10002DE9F04705460C46FAF798FF2A49C6B215
:106E20002846FFF7DFFF08B10936F6B227492846A2
:106E3000FFF7D8FF08B11036F6B2632E0BD8DFF893
:106E40008880DFF88890224FDFF890A02E7846B92E
:106E50002670BDE8F08729462046BDE8F04702F0DD
:106E60000BBA252E2CD1072241462846FAF75AFFA5
:106E700060B9184B224603F1100153F8040B8B4202
:106E800042F8040BF9D107351034DFE708224946F0
:106E90002846FAF747FF98B9A21C0F4B197802321F
:106EA0000909C95D02F8041C13F8011B01F00F0168
:106EB0005345C95D02F8031CF0D118340835C5E705
:106EC000013504F8016BC1E7F49B00081D9B000825
:106ED0000D9C0008FC9B000800E8F11F0CE8F11F66
:106EE000BFF34F8F044B1A695107FCD1D3F810211F
:106EF0005207F8D1704700BF0020005208B50D4B73
:106F00001B78ABB9FFF7ECFF0B4BDA68D10704D560
:106F10000A4A5A6002F188325A60D3F80C21D2072B
:106F200006D5064AC3F8042102F18832C3F80421C9
:106F300008BD00BF466400200020005223016745C1
:106F400008B5114B1B78F3B9104B1A69510703D5DB
:106F5000DA6842F04002DA60D3F81021520705D512
:106F6000D3F80C2142F04002C3F80C21FFF7B8FF20
:106F7000064BDA6842F00102DA60D3F80C2142F0E5
:106F80000102C3F80C2108BD466400200020005215
:106F90000F289ABF00F58060400400207047000071
:106FA0004FF4003070470000102070470F2808B5DC
:106FB0000BD8FFF7EDFF00F500330268013204D172
:106FC00004308342F9D1012008BD0020FCE7000015
:106FD0000F2838B505463FD8FFF782FF1F4CFFF753
:106FE0008DFF4FF0FF3307286361C4F814311DD8BB
:106FF0002361FFF775FF030243F02403E360E368B6
:1070000043F08003E36023695A07FCD42846FFF766
:1070100067FFFFF7BDFF4FF4003100F0BBFA2846D1
:10702000FFF78EFFBDE83840FFF7C0BFC4F810314E
:10703000FFF756FFA0F108031B0243F02403C4F836
:107040000C31D4F80C3143F08003C4F80C31D4F87F
:1070500010315B07FBD4D9E7002038BD0020005277
:107060002DE9F84F04460D46104644EA0203DE06B9
:1070700002D00020BDE8F88F20F01F00DFF8D4B068
:10708000DFF8D4A0FFF73AFF05EB0008454503D130
:107090000120FFF755FFEDE720222946204602F0A8
:1070A000B3F810B920342035F0E7234604F120026C
:1070B0001F68791CDDD104339342F9D104F1784380
:1070C0002048214EB3F5801F204B38BF184603F1EE
:1070D000F80332BFD946D1461E46FFF701FF0760CD
:1070E000A4EB050C336805F11C0143F00203336087
:1070F0002B1FD9F8007017F00507FAD153F8042FA9
:107100008B424CF80320F4D1BFF34F8FFFF7E8FE1A
:107110004FF0FF330360336823F002033360BFF3A3
:107120004F8F0B4BC3F85C42BFF34F8FBFF36F8F92
:1071300020222946204602F067F80028B2D03846BF
:10714000A7E700BF142100520C2000521420005267
:1071500000ED00E0102000521021005210B5084C44
:10716000237828B11BB9FFF7C9FE0123237010BD96
:10717000002BFCD02070BDE81040FFF7E1BE00BF3F
:10718000466400202DE9F04F0D4685B0814658B188
:1071900011F00D0614BF2022082211F008030193FC
:1071A00004D0431E034269D0002435E0002E37D0BE
:1071B00009F11F0121F01F094FF00108314F05F0BF
:1071C0000403DFF8CCA005EA080BBBF1000F32D0B6
:1071D0007869C0072FD408F101080C37B8F1060F01
:1071E000F3D19EB9284D4946A819019201F01AFE23
:1071F0000446002839D12036019AA02EF3D1494601
:1072000001F010FE044600282FD1019A49461F487C
:1072100001F008FE044660BB204605B0BDE8F08FD3
:107220000029C9D101462846029201F0FBFD04461F
:10723000D8B9029AC0E713B178694107CBD5AC073A
:1072400002D578698007C6D5019911B1786901071F
:10725000C1D549460AEB4810CDE9022301F0E2FD11
:107260000446DDE902230028B5D04A460021204625
:1072700001E04A460021FAF771FDCDE70246002EF3
:1072800096D199E7209C000888640020486400207B
:10729000686400200021FFF775BF00000121FFF79F
:1072A00071BF000070B5144D0124144E40F2FF323E
:1072B00000210120FAF752FD06EB441001342A693F
:1072C00055F80C1F01F09AFD062CF5D137254FF427
:1072D000C0542046FFF7E2FF014628B12246084885
:1072E000BDE8704001F08ABDC4EBC404013D4FEA23
:1072F000D404EED170BD00BF209C0008686400205B
:10730000486400200421FFF73DBF00004843FFF719
:10731000C1BF000008B101F0F7BD7047B0F5805F54
:1073200010B5044607D8FFF7EDFF28B92046BDE8A1
:107330001040FFF7AFBF002010BD0000FFF7EABF0D
:1073400070B5AAB140EA010313F01F030FD1094C35
:107350000144A5686D0706D52568A84203D3666871
:107360003544A94204D903330C34122BF1D1002245
:10737000104670BD209C000808B501F0DBFE034AF2
:10738000D2E90032C01842EB010108BD2865002097
:10739000434BD3E900232DE9F34113437CD0FFF79E
:1073A000EBFF404A00230027F9F746F806460D4652
:1073B0003D4A0023F9F740F8002314463046294699
:1073C000394AF9F739F84FF461613C23ADF801709F
:1073D000B4FBF1F5B4FBF3F601FB154103FB1646D4
:1073E0004624B1FBF3F1314BF6B28DF800409842E0
:1073F0003CD84FF0640C4FF4C87EA30704F26C72C3
:1074000025D1B2FBFCF30CFB132313BBB2FBFEF341
:107410000EFB1322B2FA82F35B0903F26D18621CB1
:107420008045D2B217D90FB18DF800400022204C10
:107430004FF00C0C17460CFB0343D4B2013213F887
:1074400004C084450CD8A0EB0C000127F5E700230D
:10745000E3E70123E1E7A0EB080014460127CCE7AE
:107460000FB18DF80140431C8DF802309DF80100EA
:10747000431C9DF800005038400640EA43509DF8F8
:10748000023040EA034040EA560040EAC52040EAA4
:10749000411002B0BDE8F0814FF40410F9E700BFDD
:1074A0002865002040420F008051010090230B000E
:1074B000689C00080244074BD2B210B5904200D13C
:1074C00010BD441C00B253F8200041F8040BE0B298
:1074D000F4E700BF504000580E4B30B51C6F240439
:1074E00005D41C6F1C671C6F44F400441C670A4CD5
:1074F00002442368D2B243F480732360074B904266
:1075000000D130BD441C51F8045B00B243F8205058
:10751000E0B2F4E7004402580048025850400058D6
:1075200007B5012201A90020FFF7C4FF019803B0AD
:107530005DF804FB13B50446FFF7F2FFA04205D047
:10754000012201A900200194FFF7C6FF02B010BD7F
:1075500010B56424013C4FF47A70FFF7A9F814F0D9
:10756000FF04F7D10A4B4FF4801214249A614FF0B4
:1075700080629A61A3F580534FF400529A61013CF6
:107580004FF47A70FFF794F814F0FF04F7D110BDB0
:10759000001802580144BFF34F8F064B884204D3B2
:1075A000BFF34F8FBFF36F8F7047C3F85C0220307B
:1075B000F4E700BF00ED00E00144BFF34F8F064B3E
:1075C000884204D3BFF34F8FBFF36F8F7047C3F868
:1075D00070022030F4E700BF00ED00E070B5054612
:1075E00016460C4601201021FFF790FE28604673D6
:1075F0003CB1204636B1FFF785FE2B68186000B11C
:107600009C6070BDFFF74AFEF7E70000F8B50F4633
:107610001546044648B905F11F010126386821F0D6
:107620001F01FFF7B7FF3046F8BD427B2946386897
:10763000FFF786FE06460028EDD13B686360A3682D
:10764000AB4210D213B12068FFF764FE637B28467B
:107650002BB1FFF757FE206020B9A060E3E7FFF7EA
:107660001DFEF8E7A560206805F11F01012621F045
:107670001F013860FFF78EFF2673D4E710B504466C
:1076800040B10068884205D1606808B1FAF740FB54
:107690000023237310BD0000F8B50F4614460546BD
:1076A00048B904F11F010126386821F01F01FFF7D6
:1076B00083FF3046F8BD427B21463868FFF740FE25
:1076C00006460028EDD1AB68A34210D213B128685A
:1076D000FFF720FE6B7B20462BB1FFF713FE2860DF
:1076E00020B9A860E5E7FFF7D9FDF8E7AC60396895
:1076F00019B122462868FAF70BFB286804F11F012C
:10770000012621F01F013860FFF756FF2E73D0E7E6
:1077100020B103688B4204BF00230373704700004D
:10772000034B1A681AB9034AD2F8D0241A6070477A
:10773000306500200040025808B5FFF7F1FF024B0A
:107740001868C0F3806008BD30650020EFF309833E
:10775000054968334A6B22F001024A6383F30988C2
:10776000002383F31188704700EF00E0302080F39E
:10777000118862B60D4B0E4AD96821F4E061090404
:10778000090C0A430B49DA60D3F8FC2042F08072FE
:10779000C3F8FC20084AC2F8B01F116841F001018B
:1077A00011602022DA7783F82200704700ED00E0B4
:1077B0000003FA0555CEACC5001000E0302310B52B
:1077C00083F311880E4B5B6813F4006314D0F1EE61
:1077D000103AEFF309844FF08073683CE361094B82
:1077E000DB6B236684F30988FEF7ACFE10B1064B11
:1077F000A36110BD054BFBE783F31188F9E700BFD8
:1078000000ED00E000EF00E02F0400083204000863
:1078100070B5BFF34F8FBFF36F8F1A4A0021C2F8C4
:107820005012BFF34F8FBFF36F8F536943F4003390
:107830005361BFF34F8FBFF36F8FC2F88410BFF354
:107840004F8FD2F8803043F6E074C3F3C900C3F31E
:107850004E335B0103EA0406014646EA81750139AD
:10786000C2F86052F9D2203B13F1200FF2D1BFF3DE
:107870004F8F536943F480335361BFF34F8FBFF38E
:107880006F8F70BD00ED00E0FEE70000214B224845
:10789000224A70B5904237D3214BC11EDA1C121A0E
:1078A00022F003028B4238BF00220021FAF756FA79
:1078B0001C4A0023C2F88430BFF34F8FD2F88030C7
:1078C00043F6E074C3F3C900C3F34E335B0103EA2C
:1078D0000406014646EA81750139C2F86C52F9D2B4
:1078E000203B13F1200FF2D1BFF34F8FBFF36F8F07
:1078F000BFF34F8FBFF36F8F0023C2F85032BFF337
:107900004F8FBFF36F8F70BD53F8041B40F8041BFB
:10791000C0E700BF649D00082C6700202C67002092
:107920002C67002000ED00E0074BD3F8D81021EAC7
:107930000001C3F8D810D3F8002122EA0002C3F8EE
:107940000021D3F8003170470044025870B5D0E9E7
:10795000244300224FF0FF359E6804EB421351018F
:10796000D3F80009002805DAD3F8000940F0804078
:10797000C3F80009D3F8000B002805DAD3F8000B90
:1079800040F08040C3F8000B013263189642C3F800
:107990000859C3F8085BE0D24FF00113C4F81C3853
:1079A00070BD0000890141F02001016103699B065F
:1079B000FCD41220FEF710BE10B50A4C2046FEF78C
:1079C000ABFA094BC4F89030084BC4F89430084C1B
:1079D0002046FEF7A1FA074BC4F89030064BC4F8D6
:1079E000943010BD3465002000000840A49C0008BD
:1079F000D065002000000440B09C000870B50378FA
:107A00000546012B5CD1434BD0F89040984258D1A9
:107A1000414B0E216520D3F8D82042F00062C3F814
:107A2000D820D3F8002142F00062C3F80021D3F837
:107A30000021D3F8802042F00062C3F88020D3F800
:107A4000802022F00062C3F88020D3F88030FDF758
:107A5000A7FC324BE360324BC4F800380023D5F862
:107A60009060C4F8003EC02323604FF40413A36366
:107A70003369002BFCDA01230C203361FEF7ACFDE7
:107A80003369DB07FCD41220FEF7A6FD3369002B17
:107A9000FCDA00262846A660FFF758FF6B68C4F89A
:107AA0001068DB68C4F81468C4F81C6883BB1D4BFD
:107AB000A3614FF0FF336361A36843F00103A36048
:107AC00070BD194B9842C9D1134B4FF08060D3F869
:107AD000D82042F00072C3F8D820D3F8002142F039
:107AE0000072C3F80021D3F80021D3F8802042F0BF
:107AF0000072C3F88020D3F8802022F00072C3F80F
:107B00008020D3F88030FFF70FFF0E214D209EE735
:107B1000064BCDE734650020004402584014004075
:107B200003002002003C30C0D0650020083C30C07B
:107B3000F8B5D0F89040054600214FF00066204689
:107B4000FFF730FFD5F8941000234FF001128F6833
:107B50004FF0FF30C4F83438C4F81C2804EB43124B
:107B600001339F42C2F80069C2F8006BC2F80809ED
:107B7000C2F8080BF2D20B68D5F89020C5F89830FF
:107B8000636210231361166916F01006FBD11220F0
:107B9000FEF722FDD4F8003823F4FE63C4F8003861
:107BA000A36943F4402343F01003A3610923C4F8FD
:107BB0001038C4F814380B4BEB604FF0C043C4F8D6
:107BC000103B094BC4F8003BC4F81069C4F80039F5
:107BD000D5F8983003F1100243F48013C5F89820CB
:107BE000A362F8BD809C000840800010D0F890206F
:107BF00090F88A10D2F8003823F4FE6343EA0113A8
:107C0000C2F80038704700002DE9F84300EB81030B
:107C1000D0F890500C468046DA680FFA81F9480196
:107C2000166806F00306731E022B05EB41134FF096
:107C3000000194BFB604384EC3F8101B4FF0010189
:107C400004F1100398BF06F1805601FA03F391691D
:107C500098BF06F5004600293AD0578A04F158012A
:107C6000374349016F50D5F81C180B430021C5F864
:107C70001C382B180127C3F81019A7405369611E3F
:107C80009BB3138A928B9B08012A88BF5343D8F871
:107C90009820981842EA034301F140022146C8F8AF
:107CA0009800284605EB82025360FFF77BFE08EB45
:107CB0008900C3681B8A43EA845348341E43640125
:107CC0002E51D5F81C381F43C5F81C78BDE8F88341
:107CD00005EB4917D7F8001B21F40041C7F8001B3A
:107CE000D5F81C1821EA0303C0E704F13F030B4A4F
:107CF0002846214605EB83035A60FFF753FE05EB48
:107D00004910D0F8003923F40043C0F80039D5F801
:107D10001C3823EA0707D7E70080001000040002A0
:107D2000D0F894201268C0F89820FFF70FBE00002A
:107D30005831D0F8903049015B5813F4004004D01A
:107D400013F4001F0CBF0220012070474831D0F807
:107D5000903049015B5813F4004004D013F4001F25
:107D60000CBF02200120704700EB8101CB68196A2B
:107D70000B6813604B6853607047000000EB810391
:107D800030B5DD68AA691368D36019B9402B84BF88
:107D9000402313606B8A1468D0F890201C4402EBD7
:107DA0004110013C09B2B4FBF3F46343033323F005
:107DB000030343EAC44343F0C043C0F8103B2B68BD
:107DC00003F00303012B0ED1D2F8083802EB411067
:107DD00013F4807FD0F8003B14BF43F0805343F08E
:107DE0000053C0F8003B02EB4112D2F8003B43F0D5
:107DF0000443C2F8003B30BD2DE9F041D0F890605B
:107E000005460C4606EB4113D3F8087B3A07C3F846
:107E1000087B08D5D6F814381B0704D500EB81037E
:107E2000DB685B689847FA071FD5D6F81438DB077C
:107E30001BD505EB8403D968CCB98B69488A5A688D
:107E4000B2FBF0F600FB16228AB91868DA68904295
:107E50000DD2121AC3E90024302383F3118821467E
:107E60002846FFF78BFF84F31188BDE8F0810123DA
:107E700003FA04F26B8923EA02036B81CB68002BBF
:107E8000F3D021462846BDE8F041184700EB8103B6
:107E90004A0170B5DD68D0F890306C692668E660FC
:107EA00056BB1A444FF40020C2F810092A6802F0A9
:107EB0000302012A0AB20ED1D3F8080803EB4214D8
:107EC00010F4807FD4F8000914BF40F0805040F0D7
:107ED0000050C4F8000903EB4212D2F8000940F048
:107EE0000440C2F800090122D3F8340802FA01F173
:107EF0000143C3F8341870BD19B9402E84BF402027
:107F0000206020681A442E8A8419013CB4FBF6F4E0
:107F100040EAC44040F00050C6E700002DE9F843B5
:107F2000D0F8906005460C464F0106EB4113D3F89C
:107F3000088918F0010FC3F808891CD0D6F810384A
:107F4000DB0718D500EB8103D3F80CC0DCF8143044
:107F5000D3F800E0DA68964530D2A2EB0E024FF07B
:107F600000091A60C3F80490302383F31188FFF7E7
:107F70008DFF89F3118818F0800F1DD0D6F83438A2
:107F80000126A640334217D005EB84030134D5F80F
:107F90009050D3F80CC0E4B22F44DCF8142005EB69
:107FA0000434D2F800E05168714514D3D5F8343860
:107FB00023EA0606C5F83468BDE8F883012303FA0E
:107FC00001F2038923EA02030381DCF80830002B65
:107FD000D1D09847CFE7AEEB0103BCF81000834245
:107FE00028BF0346D7F8180980B2B3EB800FE3D857
:107FF0009068A0F1040959F8048FC4F80080A0EB40
:1080000009089844B8F1040FF5D818440B4490605F
:108010005360C8E72DE9F84FD0F8905004466E69D8
:10802000AB691E4016F480586E6103D0BDE8F84F6E
:10803000FDF7E2BF002E12DAD5F8003E9B0705D00F
:10804000D5F8003E23F00303C5F8003ED5F8043808
:10805000204623F00103C5F80438FDF7FBFF370580
:1080600005D52046FFF772FC2046FDF7E1FFB0047E
:108070000CD5D5F8083813F0060FEB6823F47053CD
:108080000CBF43F4105343F4A053EB6031071BD5EE
:108090006368DB681BB9AB6923F00803AB61237825
:1080A000052B0CD1D5F8003E9A0705D0D5F8003E37
:1080B00023F00303C5F8003E2046FDF7CBFF6368BD
:1080C000DB680BB120469847F30200F1BA80B70293
:1080D00026D5D4F8909000274FF0010A09EB4712FB
:1080E000D2F8003B03F44023B3F5802F11D1D2F82E
:1080F000003B002B0DDA62890AFA07F322EA030338
:10810000638104EB8703DB68DB6813B139462046E3
:1081100098470137D4F89430FFB29B689F42DDD96D
:10812000F00619D5D4F89000026AC2F30A1702F0DB
:108130000F0302F4F012B2F5802F00F0CA80B2F5FE
:10814000402F09D104EB8303002200F58050DB6847
:108150001B6A974240F0B0803003D5F8185835D5E7
:10816000E90303D500212046FFF746FEAA0303D505
:1081700001212046FFF740FE6B0303D50221204674
:10818000FFF73AFE2F0303D503212046FFF734FE05
:10819000E80203D504212046FFF72EFEA90203D5ED
:1081A00005212046FFF728FE6A0203D50621204656
:1081B000FFF722FE2B0203D507212046FFF71CFE06
:1081C000EF0103D508212046FFF716FE700340F1AA
:1081D000A780E90703D500212046FFF79FFEAA07E5
:1081E00003D501212046FFF799FE6B0703D5022135
:1081F0002046FFF793FE2F0703D503212046FFF704
:108200008DFEEE0603D504212046FFF787FEA80663
:1082100003D505212046FFF781FE690603D5062117
:108220002046FFF77BFE2A0603D507212046FFF7ED
:1082300075FEEB0574D520460821BDE8F84FFFF721
:108240006DBED4F890904FF0000B4FF0010AD4F8B7
:1082500094305FFA8BF79B689F423FF638AF09EB8B
:108260004713D3F8002902F44022B2F5802F20D121
:10827000D3F80029002A1CDAD3F8002942F09042F2
:10828000C3F80029D3F80029002AFBDB3946D4F8CB
:108290009000FFF787FB22890AFA07F322EA03031B
:1082A000238104EB8703DB689B6813B139462046C2
:1082B00098470BF1010BCAE7910701D1D0F8008074
:1082C000072A02F101029CBF03F8018B4FEA18282C
:1082D0003FE704EB830300F58050DA68D2F818C05A
:1082E000DCF80820DCE9001CA1EB0C0C00218F421B
:1082F00008D1DB689B699A683A449A605A683A44A4
:108300005A6029E711F0030F01D1D0F800808C45A5
:1083100001F1010184BF02F8018B4FEA1828E6E75A
:10832000BDE8F88F08B50348FFF774FEBDE80840C4
:10833000FFF744BA3465002008B50348FFF76AFE2A
:10834000BDE80840FFF73ABAD0650020D0F8903079
:1083500003EB4111D1F8003B43F40013C1F8003B9B
:1083600070470000D0F8903003EB4111D1F800398C
:1083700043F40013C1F8003970470000D0F8903082
:1083800003EB4111D1F8003B23F40013C1F8003B8B
:1083900070470000D0F8903003EB4111D1F800395C
:1083A00023F40013C1F8003970470000064BD3F8DE
:1083B000DC200243C3F8DC20D3F804211043C3F8C7
:1083C0000401D3F8043170470044025808B53C4B0F
:1083D0004FF0FF31D3F8802062F00042C3F88020D4
:1083E000D3F8802002F00042C3F88020D3F8802028
:1083F000D3F88420C3F88410D3F884200022C3F873
:108400008420D3F88400D86F40F0FF4040F4FF0090
:1084100040F4DF4040F07F00D867D86F20F0FF4085
:1084200020F4FF0020F4DF4020F07F00D867D86FF1
:10843000D3F888006FEA40506FEA5050C3F88800C4
:10844000D3F88800C0F30A00C3F88800D3F8880086
:10845000D3F89000C3F89010D3F89000C3F89020A0
:10846000D3F89000D3F89400C3F89410D3F8940094
:10847000C3F89420D3F89400D3F89800C3F8981068
:10848000D3F89800C3F89820D3F89800D3F88C005C
:10849000C3F88C10D3F88C00C3F88C20D3F88C0070
:1084A000D3F89C00C3F89C10D3F89C10C3F89C2010
:1084B000D3F89C30FCF714FABDE8084000F0D6B9B8
:1084C0000044025808B50122534BC3F80821534B0E
:1084D000D3F8F42042F00202C3F8F420D3F81C21B0
:1084E00042F00202C3F81C210222D3F81C314C4B8B
:1084F000DA605A689104FCD54A4A1A6001229A60EF
:10850000494ADA6000221A614FF440429A61444BB2
:108510009A699204FCD51A6842F480721A603F4B43
:108520001A6F12F4407F04D04FF480321A67002291
:108530001A671A6842F001021A60384B1A6850072D
:10854000FCD500221A611A6912F03802FBD1012110
:1085500019604FF0804159605A67344ADA62344AF0
:108560001A611A6842F480321A602C4B1A6891031F
:10857000FCD51A6842F480521A601A689204FCD53D
:108580002C4A2D499A6200225A63196301F57C0135
:10859000DA6301F2E71199635A64284A1A64284A97
:1085A000DA621A6842F0A8521A601C4B1A6802F08C
:1085B0002852B2F1285FF9D148229A614FF48862BB
:1085C000DA6140221A621F4ADA641F4A1A651F4A9A
:1085D0005A651F4A9A6532231E4A1360136803F0D6
:1085E0000F03022BFAD10D4A136943F00303136101
:1085F000136903F03803182BFAD14FF00050FFF73E
:10860000D5FE4FF08040FFF7D1FE4FF00040BDE8AF
:108610000840FFF7CBBE00BF008000510044025865
:108620000048025800C000F0020000010000FF01F5
:10863000008890082220400063020901470E0508C7
:10864000DD0BBF0120000020000001100910E00038
:1086500000010110002000524FF0B04208B5D2F8DE
:10866000883003F00103C2F8883023B1044A13684C
:108670000BB150689847BDE80840FFF79FB800BFAE
:10868000AC6600204FF0B04208B5D2F8883003F055
:108690000203C2F8883023B1044A93680BB1D06852
:1086A0009847BDE80840FFF789B800BFAC660020D6
:1086B0004FF0B04208B5D2F8883003F00403C2F896
:1086C000883023B1044A13690BB150699847BDE85B
:1086D0000840FFF773B800BFAC6600204FF0B0420F
:1086E00008B5D2F8883003F00803C2F8883023B107
:1086F000044A93690BB1D0699847BDE80840FFF779
:108700005DB800BFAC6600204FF0B04208B5D2F8AB
:10871000883003F01003C2F8883023B1044A136A8A
:108720000BB1506A9847BDE80840FFF747B800BF53
:10873000AC6600204FF0B04310B5D3F8884004F485
:108740007872C3F88820A30604D5124A936A0BB145
:10875000D06A9847600604D50E4A136B0BB1506B74
:108760009847210604D50B4A936B0BB1D06B984701
:10877000E20504D5074A136C0BB1506C9847A3056A
:1087800004D5044A936C0BB1D06C9847BDE81040F7
:10879000FFF714B8AC6600204FF0B04310B5D3F823
:1087A000884004F47C42C3F88820620504D5164A48
:1087B000136D0BB1506D9847230504D5124A936D84
:1087C0000BB1D06D9847E00404D50F4A136E0BB17E
:1087D000506E9847A10404D50B4A936E0BB1D06E2E
:1087E0009847620404D5084A136F0BB1506F98473D
:1087F000230404D5044A936F0BB1D06F9847BDE8AA
:108800001040FEF7DBBF00BFAC66002008B5034890
:10881000FCF73CFCBDE80840FEF7D0BFC0360020A6
:1088200008B50348FCF736FDBDE80840FEF7C6BFB3
:108830001839002008B50348FCF72CFDBDE80840B6
:10884000FEF7BCBF8439002008B50348FCF722FDC1
:10885000BDE80840FEF7B2BFF039002008B500F0CF
:10886000BDFCBDE80840FEF7A9BF0000062108B521
:108870000846FCF795FD06210720FCF791FD06212F
:108880000820FCF78DFD06210920FCF789FD062153
:108890000A20FCF785FD06211720FCF781FD062143
:1088A0002820FCF77DFD09217A20FCF779FD0921BC
:1088B0007C20FCF775FD07213220FCF771FD0C21AF
:1088C0002720FCF76DFD0C213520FCF769FD0C21FC
:1088D0005220BDE80840FCF763BD000008B5FFF773
:1088E00075FD00F043FCFDF73BF9FDF7D9F8FDF706
:1088F00011FBFDF7E3F9FEF7A5F9BDE8084000F02C
:1089000029BA000030B50433039C0172002104FB36
:108910000325C160C0E90653049B0363059BC0E9BE
:108920000000C0E90422C0E90842C0E90A1143631B
:1089300030BD00000022416AC260C0E90411C0E9F4
:108940000A226FF00101FDF7F3BE0000D0E9043206
:10895000934201D1C2680AB9181D704700207047C0
:10896000036919600021C2680132C260C269134400
:1089700082699342036124BF436A0361FDF7CCBE61
:1089800038B504460D46E3683BB162690020131D0B
:108990001268A3621344E36207E0237A33B92946DD
:1089A0002046FDF7A9FE0028EDDA38BD6FF0010082
:1089B000FBE70000C368C269013BC360436913441D
:1089C00082699342436124BF436A43610023836207
:1089D000036B03B11847704770B53023044683F327
:1089E0001188866A3EB9FFF7CBFF054618B186F3BA
:1089F0001188284670BDA36AE26A13F8015B9342AE
:108A0000A36202D32046FFF7D5FF002383F311882A
:108A1000EFE700002DE9F84F04460E46174698464A
:108A20004FF0300989F311880025AA46D4F828B000
:108A3000BBF1000F09D141462046FFF7A1FF20B14D
:108A40008BF311882846BDE8F88FD4E90A12A7EB0A
:108A5000050B521A934528BF9346BBF1400F1BD913
:108A6000334601F1400251F8040B914243F8040BE4
:108A7000F9D1A36A403640354033A362D4E90A23D2
:108A80009A4202D32046FFF795FF8AF31188BD4230
:108A9000D8D289F31188C9E730465A46F9F738F930
:108AA000A36A5E445D445B44A362E7E710B5029CA1
:108AB0000433017203FB0421C460C0E906130023E0
:108AC000C0E90A33039B0363049BC0E90000C0E9CB
:108AD0000422C0E90842436310BD0000026A6FF03F
:108AE0000101C260426AC0E904220022C0E90A22F0
:108AF000FDF71EBED0E904239A4201D1C26822B913
:108B0000184650F8043B0B60704700231846FAE7FC
:108B1000C3680021C2690133C36043691344826999
:108B20009342436124BF436A4361FDF7F5BD0000F2
:108B300038B504460D46E3683BB1236900201A1D91
:108B4000A262E2691344E36207E0237A33B929465B
:108B50002046FDF7D1FD0028EDDA38BD6FF00100A9
:108B6000FBE7000003691960C268013AC260C2698C
:108B7000134482699342036124BF436A0361002363
:108B80008362036B03B118477047000070B5302350
:108B90000D460446114683F31188866A2EB9FFF705
:108BA000C7FF10B186F3118870BDA36A1D70A36A58
:108BB000E26A01339342A36204D3E1692046043997
:108BC000FFF7D0FF002080F31188EDE72DE9F84F83
:108BD00004460D46904699464FF0300A8AF31188B4
:108BE0000026B346A76A4FB949462046FFF7A0FFC3
:108BF00020B187F311883046BDE8F88FD4E90A0721
:108C00003A1AA8EB0607974228BF1746402F1BD9F0
:108C100005F1400355F8042B9D4240F8042BF9D18F
:108C2000A36A40364033A362D4E90A239A4204D3AC
:108C3000E16920460439FFF795FF8BF3118846451B
:108C4000D9D28AF31188CDE729463A46F9F760F878
:108C5000A36A3D443E443B44A362E5E7D0E90423D4
:108C60009A4217D1C3689BB1836A8BB1043B9B1AAC
:108C70000ED01360C368013BC360C3691A448369A3
:108C80009A42026124BF436A036100238362012385
:108C9000184670470023FBE701F01F03F0B502F010
:108CA0001F0456095A1C0123B6EB511F50F82650D9
:108CB00003FA02F34FEA511703F1FF333DBF50F8B7
:108CC0002720C4F12000134003EA05003BBF03FA4C
:108CD00000F225FA04F0E0401043F0BD70B57E22AA
:108CE0007F210546FFF7D8FF18B1012819D00020D1
:108CF00070BD3E2249212846FFF7CEFF2F220446B1
:108D000031212846FFF7C8FF0646013450220236BB
:108D100053212846B440FFF7BFFF093804FA00F09A
:108D2000E6E7302245212846FFF7B6FF01308002F2
:108D3000DEE7000090F8D63090F8D7201B0403EB54
:108D4000026390F8D42090F8D500134403EB002080
:108D50007047000000F018BA014B586A704700BF16
:108D6000000C0040034B002258631A610222DA60B3
:108D7000704700BF000C0040014B0022DA607047D2
:108D8000000C0040014B5863704700BF000C0040CE
:108D9000024B034A1A60034A5A60704784660020F7
:108DA0003067002000000220074B494210B55C6884
:108DB000201A08401968821A8A4203D3A24201D8B5
:108DC0005A6010BD0020FCE78466002008B53023FF
:108DD00083F31188FFF7E8FF002383F3118808BDB0
:108DE0000448054B03600023C0E901330C3000F058
:108DF00017B900BF8C660020CD8D0008CB1D083A46
:108E000023F00703591A521A10B4D2080024C0E9FB
:108E1000004384600C301C605A605DF8044B00F025
:108E2000FFB800002DE9F74F364FCD1D88460028CA
:108E300018BF0746082A4FEAD50538BF082207F1B0
:108E40000C003C1D9146019000F02CF9019809F1AD
:108E50000701C9F1000E2246246864B900F02CF91C
:108E60003B68CBB308224946E8009847044698B3CC
:108E700040E9027830E004EB010CD4F804A00CEADD
:108E80000E0C0AF10106ACF1080304EBC6069E4283
:108E9000E1D9A6EB0C0CB5EBEC0F4FEAEC0BDAD8F2
:108EA0009C421DD204F10802AB45A3EB02024FEA3B
:108EB000E202626009D9691CED4303EBC1025D4423
:108EC0005560256843F8315022601C46C3F8048081
:108ED00044F8087B00F0F0F8204603B0BDE8F08FBE
:108EE000AA45216802D111602346EEE7013504EB63
:108EF000C50344F8351003F10801761AF6105E60D8
:108F00001360F1E78C66002073B50446A0F10805F4
:108F100050F8080C54F8043C061D0C30073301903F
:108F2000DB0844F8043C00F0BDF8334601989E424B
:108F30001A6801D0AB4228D20AB1954225D244F832
:108F4000082C54F8042C1D60013254F8081C05EB61
:108F5000C206B14206D14E68324444F8042C0A6875
:108F600044F8082C5E68711C03EBC1018D4207D1E7
:108F700054F8042C013232445A6054F8082C1A6018
:108F800002B0BDE8704000F097B81346CFE700008C
:108F9000FEE7000070B51E4B0025044686B0586001
:108FA0000E4605638163FEF7E1FB04F12803A5602B
:108FB0006563C4E90A3304F11003C4E904334FF0D4
:108FC000FF33C4E90044C4E90635FFF7C5FE2B466C
:108FD000024604F13C012046C4E9082380230D4ADF
:108FE0006567FDF703FB7368E0600B4A03620123CA
:108FF000009280F824306846F26801923269CDE927
:109000000223064BCDE90435FDF724FB06B070BD05
:1090100008490020C49C0008BC9C0008918F0008EF
:109020000023C0E9000083600361704770B51C4BEA
:1090300005468468DE685CB3B44213D1036901332A
:10904000036170BDA36094F8243083B1062B15D161
:10905000A06A2146D4E9003213605A60FDF732FA63
:10906000A36A9C68B368A2689A42EBD306E0D4E98D
:109070000032204613605A60FDF734FA2846314624
:10908000FDF720FAB5620620BDE87040FDF72CBA66
:109090000369866001330361336BC3603063D0E7DB
:1090A0006046002008B5302383F31188FFF7BEFF28
:1090B000002383F3118808BD194BD96883688B425C
:1090C00010B520D1302383F311880269013A02617F
:1090D000B2B90468C368A0420B631ED04A6B9BB947
:1090E00001238A60036103681A68026050601A6B8A
:1090F0008360C26018631846FDF7F4F9FDF744FA7F
:10910000002383F3118810BD1C68A34203D0A46818
:10911000A24238BF2246DB68E1E78260F0E700BF89
:1091200060460020024A536B18435063704700BFEB
:109130006046002038B5EFF311859DB9EFF3058443
:10914000C4F30804302334B183F31188FDF728FCFD
:1091500085F3118838BD83F31188FDF721FC84F372
:10916000118838BDBDE83840FDF71ABC0023054A18
:1091700019460133102BC2E9001102F10802F8D19F
:10918000704700BFAC660020114BD3F8E82042F0D6
:109190000802C3F8E820D3F8102142F00802C3F80F
:1091A00010210C4AD3F81031D36B43F00803D3637A
:1091B000C722094B9A624FF0FF32DA6200229A61AD
:1091C0005A63DA605A6001225A611A60704700BF20
:1091D000004402580010005C000C0040094A08B529
:1091E0001169D3680B40D9B29B076FEA0101116185
:1091F00007D5302383F31188FDF7ECF9002383F3BF
:10920000118808BD000C004010B50139024490429D
:1092100001D1002005E0037811F8014FA34201D0ED
:10922000181B10BD0130F2E7884210B501EB0204B3
:1092300002D98442234607D8431EA14208D011F820
:10924000012B03F8012FF8E7024401468A4200D1BE
:1092500010BD13F8014D02F8014DF7E7C9B20346FE
:1092600010F8012B1AB18A42F9D11846704700292B
:1092700018BF0023F9E70000034611F8012B03F89B
:10928000012B002AF9D1704710B50139034632B1DC
:1092900011F8014F03F8014B013A002CF7D11A44A1
:1092A0000021934200D110BD03F8011BF9E7000033
:1092B0004D4435002D2D0A002F6172647570696C64
:1092C0006F742E6162696E002F6172647570696CD3
:1092D0006F742D7665726966792E6162696E002FF2
:1092E0006172647570696C6F742D666C6173682E41
:1092F0006162696E002F6172647570696C6F742DA4
:10930000666C61736865642E6162696E00000000BE
:109310000000000000000000050F0008A10F000879
:1093200051110008D90F0008990F00080000000033
:1093300000000000010F0008AD0F000889110008AF
:10934000FD0E0008090F000853544D333248373FD3
:109350003F3F0053544D3332483733782F373278FC
:109360000053544D3332483734332F3735332F378A
:109370003530000001105A00031059000120580038
:10938000032056002F0000005375636365737366F6
:10939000756C6C79206D6F756E74656420534443F1
:1093A0006172642028736C6F77646F776E3D2575EA
:1093B000290A0000EB7690455846415420202000B1
:1093C0004641543332202020000000002A3A3C3E1F
:1093D0007C223F7F002B2C3B3D5B5D00435545418C
:1093E0004141414345454549494941414592924F93
:1093F0004F4F5555594F554F9C4F9E9F41494F5583
:10940000A5A5A6A7A8A9AAABACADAEAFB0B1B2B3A3
:10941000B4414141B8B9BABBBCBDBEBFC0C1C2C3F3
:10942000C4C54141C8C9CACBCCCDCECFD1D14545A9
:109430004549494949D9DADBDCDD49DF4FE14F4F86
:109440004F4FE6E8E85555555959EEEFF0F1F2F374
:10945000F4F5F6F7F8F9FAFBFCFDFEFF010305074A
:10946000090E10121416181C1E00000061001A03C9
:10947000E0001703F8000703FF0001007801000176
:10948000300132010601390110014A012E01790132
:10949000060180014D0043028101820182018401A5
:1094A000840186018701870189018A018B018B0173
:1094B0008D018E018F019001910191019301940121
:1094C000F60196019701980198013D029B019C01CC
:1094D0009D0120029F01A001A001A201A201A401FF
:1094E000A401A601A701A701A901AA01AB01AC0132
:1094F000AC01AE01AF01AF01B101B201B301B301E3
:10950000B501B501B701B801B801BA01BB01BC0191
:10951000BC01BE01F701C001C101C201C301C40108
:10952000C501C401C701C801C701CA01CB01CA01F5
:10953000CD011001DD0101008E01DE011201F301F8
:109540000300F101F401F401F801280122021201E3
:109550003A020900652C3B023B023D02662C3F02A9
:1095600040024102410246020A01530240008101C9
:109570008601550289018A0158028F015A02900121
:109580005C025D025E025F0293016102620294016D
:109590006402650266026702970196016A02622C04
:1095A0006C026D026E029C01700271029D017302D9
:1095B00074029F0176027702780279027A027B02B6
:1095C0007C02642C7E027F02A60181028202A90134
:1095D0008402850286028702AE014402B101B20113
:1095E00045028D028E028F0290029102B7017B0329
:1095F0000300FD03FE03FF03AC030400860388039E
:1096000089038A03B1031103C2030200A303A30366
:10961000C4030803CC0303008C038E038F03D80319
:109620001801F2030A00F903F303F403F503F60348
:10963000F703F703F903FA03FA0330042003500495
:109640001007600422018A043601C1040E01CF0410
:109650000100C004D004440161052604000000009C
:109660007D1D0100632C001E9601A01E5A01001FE3
:109670000806101F0606201F0806301F0806401F98
:109680000606511F0700591F521F5B1F541F5D1F05
:10969000561F5F1F601F0806701F0E00BA1FBB1FFA
:1096A000C81FC91FCA1FCB1FDA1FDB1FF81FF91FF6
:1096B000EA1FEB1FFA1FFB1F801F0806901F0806FA
:1096C000A01F0806B01F0400B81FB91FB21FBC1F9F
:1096D000CC1F0100C31FD01F0206E01F0206E51FBA
:1096E0000100EC1FF31F0100FC1F4E21010032217D
:1096F00070211002842101008321D0241A05302C0E
:109700002F04602C0201672C0601752C0201802CAD
:109710006401002D260841FF1A030000C700FC0069
:10972000E900E200E400E000E500E700EA00EB0009
:10973000E800EF00EE00EC00C400C500C900E60040
:10974000C600F400F600F200FB00F900FF00D600AE
:10975000DC00F800A300D800D7009201E100ED0082
:10976000F300FA00F100D100AA00BA00BF00AE0079
:10977000AC00BD00BC00A100AB00BB009125922550
:10978000932502252425C100C200C000A90063253D
:10979000512557255D25A200A50010251425342547
:1097A0002C251C2500253C25E300C3005A25542503
:1097B00069256625602550256C25A400F000D000A1
:1097C000CA00CB00C8003101CD00CE00CF00182563
:1097D0000C2588258425A600CC008025D300DF0039
:1097E000D400D200F500D500B500FE00DE00DA009E
:1097F000DB00D900FD00DD00AF00B400AD00B1001A
:109800001720BE00B600A700F700B800B000A800FF
:10981000B700B900B300B200A025A00010000240BC
:10982000080002400008024000000B00280002402F
:10983000080002400408024006010C0040000240FB
:10984000080002400808024010020D0058000240C3
:10985000080002400C08024016030E00700002408F
:109860000C0002401008024000040F008800024073
:109870000C0002401408024006051000A00002403F
:109880000C0002401808024010061100B800024007
:109890000C0002401C08024016072F001004024072
:1098A0000804024020080240000838002804024052
:1098B000080402402408024006093900400402401E
:1098C0000804024028080240100A3A0058040240E6
:1098D000080402402C080240160B3B0070040240B2
:1098E0000C04024030080240000C3C008804024096
:1098F0000C04024034080240060D4400A00402405B
:109900000C04024038080240100E4500B804024022
:109910000C0402403C080240160F46000100000003
:1099200000000000009600000000000000000000A1
:109930000000000000000000000000000000000027
:109940003D6C0008416C0008355700086D5A00084E
:10995000C9560008F156000819570008B15600080A
:1099600000000000215B00080D5B0008495B000857
:10997000355B0008415B00082D5B0008195B00089F
:10998000055B0008555B000800000000395C00081A
:10999000255C0008615C00084D5C0008595C00080B
:1099A000455C0008315C00081D5C00086D5C000827
:1099B0000000000001000000000000006330000013
:1099C000BC9900080000000000000000D8460020FC
:1099D000084900200000802A00020000AAAAAAAAC2
:1099E00000000024FFFF00000000000000A00A00AB
:1099F000000200A000000000AAAAAAAA00010050CC
:109A0000FFFF0000000009000000009900000006B0
:109A100000000000AAAAAAAA00000001FFDF0000BF
:109A2000000000000000080020A00A000000000064
:109A3000AAAAAAAA10400500FFFF0000000800BB68
:109A4000770000004014020028000000AAAAAAAA79
:109A500000000100FFFF0000000000000700000000
:109A60000020000000000000AAAAAAAA001000001E
:109A7000FFFF000000000007000000000041900010
:109A800000000000AAAAAAAA00404000FFFF0000B0
:109A90000000000000A000000004004000000000E2
:109AA000AAAAAAAA00040040FFFF000000000000CC
:109AB000000000000001150000000000AAAAAAAAE8
:109AC00000011500FFFF0000000000000000000082
:109AD0000000000000000000AAAAAAAA00000000DE
:109AE000FFFF000000000000000000000000000078
:109AF00000000000AAAAAAAA00000000FFFF0000C0
:109B000000000000000000004172647550696C6F35
:109B1000740025424F415244252D424C00255345A7
:109B20005249414C250000000200000000000000E6
:109B3000595E0008C95E000840004000B86100207E
:109B4000C8610020020000000000000003000000C7
:109B500000000000115F000800000000100000007D
:109B6000D86100200000000001000000000000009B
:109B70003465002001010200396D0008496C0008BD
:109B8000E56C0008C96C000843000000909B0008C9
:109B900009024300020100C0320904000001020270
:109BA0000100052400100105240100010424020223
:109BB0000524060001070582030800FF09040100CF
:109BC000020A0000000705010240000007058102AB
:109BD0004000000012000000DC9B00081201100190
:109BE0000200004009124157000201020301000077
:109BF0000403090425424F41524425004163637424
:109C00006F6E476F647769745F474131003031325E
:109C10003334353637383941424344454600000035
:109C200000000020000002000200000000000030E0
:109C300000000400080000000000002400000800EC
:109C4000040000000004000000FC0000020000000E
:109C50000000043000800000080000000000003810
:109C600000000100010000001F1C1F1E1F1E1F1FFF
:109C70001E1F1E1F1F1D1F1E1F1E1F1F1E1F1E1FFC
:109C8000000000006D60000825630008D163000833
:109C9000400040006C6600206C660020010000005F
:109CA0007C660020800000004001000008000000E9
:109CB00000010000001000000800000069646C65ED
:109CC000000000006D61696E002C0438040438083F
:109CD0000C10141C20242526000000000000640441
:109CE0000100040000000000000C001028303400C7
:109CF0007867FF7F01000000D01B0000000000001B
:109D000000001E0000000000FF00000010490020BD
:109D10001839002000000000489300088304000068
:109D200053930008500400006193000801000000F4
:109D300000000000009600000000080096000000EF
:109D40000008000004000000F09B00080000000074
:109D50000000000000000000000000000000000003
:049D600000000000FF
:00000001FF
